s7_2048_1.c,306,965,292,285,163,149,235,241
s7_2048_2.c,284,569,282,626,164,151,259,234
s7_2048_3.c,288,575,286,444,248,148,241,255
s7_2048_4.c,284,566,284,292,165,172,235,238
s7_2048_5.c,297,584,281,510,208,147,261,235
s7_256_0.c,329,585,301,285,201,151,193,154
s7_256_1.c,344,593,298,292,164,149,206,146
s7_256_2.c,327,599,301,330,161,150,277,152
s7_256_3.c,332,588,310,290,160,152,283,153
s7_256_4.c,331,594,310,292,166,154,181,148
s7_256_5.c,338,600,310,285,165,165,167,152
s7_4096_0.c,299,560,331,345,161,162,233,232
s7_4096_1.c,291,646,285,286,180,160,476,280
s7_4096_2.c,286,567,283,468,162,157,234,230
s7_4096_3.c,282,683,276,425,174,249,238,354
s7_4096_4.c,430,1175,491,564,309,331,235,232
s7_4096_5.c,279,558,279,287,163,325,246,322
s7_512_0.c,462,670,309,373,269,280,277,306
s7_512_1.c,443,911,309,279,165,153,168,192
s7_512_2.c,306,726,323,286,163,154,177,159
s7_512_3.c,411,586,303,280,166,153,159,151
s7_512_4.c,304,830,338,287,167,151,158,154
s7_512_5.c,304,590,335,287,165,297,269,242
s7_64_0.c,359,630,510,365,213,302,276,179
s7_64_1.c,502,632,383,305,203,334,209,173
s7_64_2.c,339,686,326,311,213,186,171,179
s7_64_3.c,434,667,326,301,204,183,213,175
s7_64_4.c,341,643,366,305,220,212,198,201
s7_64_5.c,342,656,346,300,204,208,151,168
s7_8192_0.c,290,587,285,282,221,307,235,485
s7_8192_1.c,485,559,419,290,219,219,235,245
s7_8192_2.c,343,587,299,289,219,222,244,235
s7_8192_3.c,290,557,292,283,217,219,276,243
s7_8192_4.c,287,617,286,283,218,228,240,267
s7_8192_5.c,289,577,283,288,220,220,236,258
s7n_1024_0.c,331,569,559,593,564,575,582,668
s7n_1024_1.c,331,568,559,577,561,577,835,589
s7n_1024_2.c,525,574,572,556,552,624,637,588
s7n_1024_3.c,330,570,594,557,560,671,606,605
s7n_1024_4.c,571,659,951,927,560,579,972,608
s7n_1024_5.c,333,586,564,556,582,576,576,578
s7n_128_0.c,344,571,566,582,557,595,669,571
s7n_128_1.c,358,659,560,562,601,589,575,582
s7n_128_2.c,342,576,563,555,550,589,575,568
s7n_128_3.c,349,562,558,574,558,596,574,587
s7n_128_4.c,355,572,836,570,570,615,606,742
s7n_128_5.c,346,570,559,717,567,588,574,582
s7n_16384_0.c,328,716,624,639,624,927,935,1013
s7n_16384_1.c,511,639,642,651,653,950,964,923
s7n_16384_2.c,342,674,642,654,688,945,1141,1234
s7n_16384_3.c,543,1120,706,763,629,1242,1403,1336
s7n_16384_4.c,390,679,953,868,729,1557,1109,1437
s7n_16384_5.c,342,1108,979,1014,945,1662,1479,1139
s7n_2048_0.c,327,1047,806,765,968,733,836,816
s7n_2048_1.c,345,659,750,1004,624,702,1083,809
s7n_2048_2.c,332,610,971,815,573,1131,611,618
s7n_2048_3.c,347,1043,897,945,970,927,1043,837
s7n_2048_4.c,333,654,987,941,888,920,627,972
s7n_2048_5.c,704,980,910,893,956,697,1189,1035
s7n_256_0.c,461,750,643,989,958,717,658,826
s7n_256_1.c,581,760,581,564,690,1019,636,584
s7n_256_2.c,377,895,919,878,615,695,1078,925
s7n_256_3.c,609,616,933,907,946,795,664,853
s7n_256_4.c,371,615,656,755,635,782,725,1108
s7n_256_5.c,375,753,993,985,758,687,888,626
s7n_4096_0.c,607,648,966,656,893,1469,945,1609
s7n_4096_1.c,580,1036,896,772,942,1464,1574,925
s7n_4096_2.c,581,1085,1041,962,728,1444,1612,908
s7n_4096_3.c,613,1114,1132,1189,1090,1554,1206,1150
s7n_4096_4.c,369,1066,1002,1043,810,1370,1642,1645
s7n_4096_5.c,577,1027,904,999,616,1786,962,1746
s7n_512_0.c,433,1076,997,985,954,1021,1148,1057
s7n_512_1.c,648,913,605,585,601,668,623,1056
s7n_512_2.c,481,1013,1013,910,912,1161,826,790
s7n_512_3.c,649,1139,964,971,719,963,904,808
s7n_512_4.c,648,1107,1037,797,596,1068,1117,1021
s7n_512_5.c,647,636,637,631,699,730,967,684
s7n_64_0.c,632,928,989,1017,977,817,1020,945
s7n_64_1.c,662,1045,815,690,845,676,732,1011
s7n_64_2.c,569,1049,900,1030,948,693,777,798
s7n_64_3.c,414,615,576,1054,991,965,1203,966
s7n_64_4.c,710,939,743,1010,725,955,749,684
s7n_64_5.c,656,881,1020,650,975,953,977,730
s7n_8192_0.c,612,1041,746,1026,1003,1054,1618,1742
s7n_8192_1.c,613,787,1146,784,689,1497,998,1900
s7n_8192_2.c,589,1056,996,1017,936,1636,1532,1837
s7n_8192_3.c,576,1053,707,682,670,1027,1555,1018
s7n_8192_4.c,445,846,1012,1161,979,1051,1193,1050
s7n_8192_5.c,590,1050,674,738,686,1025,1587,949
s8_1024_0.c,27,33,33,26,28,34,24,38
s8_1024_1.c,21,33,29,29,29,34,30,37
s8_1024_2.c,36,31,33,32,34,24,32,44
s8_1024_3.c,40,32,32,30,31,34,30,39
s8_1024_4.c,25,36,30,31,26,35,34,38
s8_1024_5.c,28,24,27,31,22,24,34,39
s8_128_0.c,52,48,50,48,48,47,47,69
s8_128_1.c,48,51,50,52,46,46,46,86
s8_128_2.c,51,51,50,37,45,52,28,80
s8_128_3.c,47,52,52,46,38,50,52,86
s8_128_4.c,52,51,47,45,46,46,48,83
s8_128_5.c,46,46,47,47,48,46,48,67
s8_16384_0.c,51,50,50,53,48,47,49,49
s8_16384_1.c,53,47,60,49,50,49,52,50
s8_16384_2.c,52,48,52,53,50,44,53,49
s8_16384_3.c,48,50,53,57,48,47,57,49
s8_16384_4.c,53,53,53,55,48,45,43,57
s8_16384_5.c,50,48,62,52,56,52,48,43
s8_2048_0.c,31,31,36,31,31,34,32,35
s8_2048_1.c,31,28,31,21,20,22,22,32
s8_2048_2.c,28,29,26,28,25,27,27,34
s8_2048_3.c,25,32,22,20,26,32,30,35
s8_2048_4.c,31,29,26,31,32,23,29,35
s8_2048_5.c,31,33,35,32,27,26,27,34
s8_256_0.c,38,37,37,37,32,37,36,51
s8_256_1.c,37,33,33,24,35,36,37,52
s8_256_2.c,35,36,35,36,38,38,37,52
s8_256_3.c,36,36,37,34,36,34,37,53
s8_256_4.c,36,36,35,37,40,38,36,51
s8_256_5.c,40,36,35,38,38,38,31,40
s8_4096_0.c,38,35,48,35,36,40,40,39
s8_4096_1.c,38,23,43,38,62,37,25,38
s8_4096_2.c,36,38,40,41,38,28,21,36
s8_4096_3.c,34,38,38,36,39,25,20,43
s8_4096_4.c,34,35,44,25,20,22,43,40
s8_4096_5.c,21,38,23,38,41,36,41,45
s8_512_0.c,29,36,31,32,32,31,27,45
s8_512_1.c,31,33,28,35,32,32,37,46
s8_512_2.c,34,31,33,32,35,35,34,48
s8_512_3.c,30,30,34,32,35,32,35,36
s8_512_4.c,32,32,32,32,33,31,32,46
s8_512_5.c,32,33,27,32,33,33,23,51
s8_64_0.c,56,55,54,56,56,51,49,135
s8_64_1.c,52,65,50,55,49,56,60,119
s8_64_2.c,60,58,49,48,48,62,56,128
s8_64_3.c,56,59,55,52,51,48,70,116
s8_64_4.c,61,56,56,49,50,49,50,138
s8_64_5.c,60,55,58,59,60,56,55,113
s8_8192_0.c,46,45,42,52,59,52,48,53
s8_8192_1.c,50,43,49,48,49,50,41,46
s8_8192_2.c,53,51,55,56,53,56,40,43
s8_8192_3.c,46,40,44,43,40,43,43,58
s8_8192_4.c,48,44,43,60,53,54,43,53
s8_8192_5.c,53,46,49,46,48,46,47,46
s8n_1024_add_0.c,115,251,225,328,365,301,127,136
s8n_1024_add_1.c,132,301,361,389,416,350,75,155
s8n_1024_add_2.c,126,221,217,227,287,382,119,137
s8n_1024_add_3.c,116,404,389,380,280,341,115,143
s8n_1024_add_4.c,101,234,375,236,238,345,142,148
s8n_1024_add_5.c,140,383,231,372,416,443,115,87
s8n_1024_add_6.c,139,411,380,358,360,299,99,143
s8n_1024_mul_0.c,185,323,211,352,412,317,203,277
s8n_1024_mul_1.c,373,359,348,372,402,380,226,231
s8n_1024_mul_2.c,380,360,223,305,239,410,231,278
s8n_1024_mul_3.c,313,372,355,267,365,380,275,181
s8n_1024_mul_4.c,195,378,342,332,427,296,211,229
s8n_1024_mul_5.c,373,385,363,352,381,267,189,236
s8n_1024_mul_6.c,357,239,294,221,239,257,180,192
s8n_1024_sub_0.c,125,385,327,379,361,366,152,203
s8n_1024_sub_1.c,155,394,366,344,397,355,128,117
s8n_1024_sub_2.c,114,401,368,373,414,460,173,125
s8n_1024_sub_3.c,131,401,372,404,334,351,164,112
s8n_1024_sub_4.c,126,230,227,338,249,437,126,158
s8n_1024_sub_5.c,155,403,366,360,393,351,188,189
s8n_1024_sub_6.c,163,392,355,345,394,340,124,208
s8n_128_add_0.c,146,258,367,374,354,373,138,233
s8n_128_add_1.c,150,395,362,369,404,380,141,172
s8n_128_add_2.c,85,319,299,373,408,460,143,187
s8n_128_add_3.c,122,488,478,472,421,392,145,195
s8n_128_add_4.c,145,410,223,357,360,295,132,170
s8n_128_add_5.c,122,401,232,216,370,375,151,171
s8n_128_add_6.c,125,397,356,332,408,457,177,133
s8n_128_mul_0.c,175,273,287,371,406,406,208,214
s8n_128_mul_1.c,199,218,285,361,431,449,261,303
s8n_128_mul_2.c,365,305,349,343,359,277,221,284
s8n_128_mul_3.c,377,358,348,360,364,346,312,280
s8n_128_mul_4.c,373,267,285,372,425,476,226,330
s8n_128_mul_5.c,367,383,285,364,406,497,279,283
s8n_128_mul_6.c,358,359,357,359,401,489,242,215
s8n_128_sub_0.c,132,397,374,361,334,357,148,179
s8n_128_sub_1.c,132,372,368,292,362,273,140,210
s8n_128_sub_2.c,171,401,360,211,562,631,134,167
s8n_128_sub_3.c,117,229,374,290,404,459,204,241
s8n_128_sub_4.c,140,375,371,382,416,320,155,156
s8n_128_sub_5.c,188,357,335,369,246,392,181,178
s8n_128_sub_6.c,133,408,372,374,367,459,151,179
s8n_16384_add_0.c,115,353,386,378,363,269,84,95
s8n_16384_add_1.c,147,407,383,244,399,350,99,101
s8n_16384_add_2.c,128,404,356,355,340,348,114,127
s8n_16384_add_3.c,82,256,210,233,285,326,120,118
s8n_16384_add_4.c,121,346,381,331,249,342,123,83
s8n_16384_add_5.c,81,216,385,363,281,378,134,103
s8n_16384_add_6.c,76,232,365,420,340,375,113,165
s8n_16384_mul_0.c,245,359,285,350,401,279,230,218
s8n_16384_mul_1.c,352,396,326,227,452,330,233,205
s8n_16384_mul_2.c,296,224,211,210,244,259,243,228
s8n_16384_mul_3.c,372,355,358,326,567,447,225,228
s8n_16384_mul_4.c,384,437,353,235,319,461,179,272
s8n_16384_mul_5.c,372,329,366,365,388,334,274,275
s8n_16384_mul_6.c,330,370,322,314,366,370,274,248
s8n_16384_sub_0.c,170,374,336,382,364,422,114,119
s8n_16384_sub_1.c,114,218,358,343,339,431,168,112
s8n_16384_sub_2.c,105,243,363,368,392,357,131,133
s8n_16384_sub_3.c,133,335,275,372,394,433,113,113
s8n_16384_sub_4.c,132,315,381,240,400,354,156,122
s8n_16384_sub_5.c,149,230,436,456,341,369,125,116
s8n_16384_sub_6.c,121,283,345,366,404,443,144,130
s8n_2048_add_0.c,80,214,323,252,234,263,77,84
s8n_2048_add_1.c,78,211,346,224,307,302,72,74
s8n_2048_add_2.c,120,353,368,370,277,379,79,89
s8n_2048_add_3.c,113,223,329,215,245,434,132,138
s8n_2048_add_4.c,137,242,363,378,397,476,134,148
s8n_2048_add_5.c,113,402,249,213,282,346,128,118
s8n_2048_add_6.c,138,354,321,370,330,345,149,80
s8n_2048_mul_0.c,176,526,482,348,286,404,185,342
s8n_2048_mul_1.c,361,394,346,269,250,267,240,244
s8n_2048_mul_2.c,326,231,305,243,413,430,254,232
s8n_2048_mul_3.c,382,347,349,334,407,283,282,228
s8n_2048_mul_4.c,238,226,219,360,276,440,231,204
s8n_2048_mul_5.c,392,399,293,301,353,282,231,183
s8n_2048_mul_6.c,200,311,446,358,402,459,232,186
s8n_2048_sub_0.c,171,363,372,288,395,331,130,163
s8n_2048_sub_1.c,140,405,318,229,344,331,110,122
s8n_2048_sub_2.c,202,405,371,228,392,435,147,107
s8n_2048_sub_3.c,153,426,468,386,406,346,117,128
s8n_2048_sub_4.c,126,238,217,235,234,434,131,121
s8n_2048_sub_5.c,164,247,224,257,289,258,125,167
s8n_2048_sub_6.c,128,364,325,371,291,266,182,165
s8n_256_add_0.c,91,396,309,326,321,258,88,164
s8n_256_add_1.c,108,416,391,226,268,256,85,94
s8n_256_add_2.c,146,397,239,226,245,277,91,168
s8n_256_add_3.c,90,233,230,243,386,447,120,142
s8n_256_add_4.c,116,385,349,340,401,442,151,162
s8n_256_add_5.c,142,399,361,344,270,366,96,168
s8n_256_add_6.c,144,386,372,372,281,318,126,169
s8n_256_mul_0.c,388,368,349,349,345,430,238,290
s8n_256_mul_1.c,380,400,280,337,402,404,203,283
s8n_256_mul_2.c,307,225,292,301,388,414,239,243
s8n_256_mul_3.c,372,461,215,342,392,370,205,252
s8n_256_mul_4.c,267,356,347,348,401,392,237,291
s8n_256_mul_5.c,289,415,288,209,238,504,270,252
s8n_256_mul_6.c,219,414,369,241,317,470,304,273
s8n_256_sub_0.c,136,358,335,340,347,466,126,142
s8n_256_sub_1.c,173,396,373,310,335,434,187,150
s8n_256_sub_2.c,124,243,370,384,353,356,144,156
s8n_256_sub_3.c,137,243,335,344,278,438,132,208
s8n_256_sub_4.c,180,423,223,211,248,281,125,184
s8n_256_sub_5.c,142,393,213,362,348,360,193,244
s8n_256_sub_6.c,167,411,373,252,413,356,134,227
s8n_4096_add_0.c,119,352,323,218,393,372,132,108
s8n_4096_add_1.c,107,406,373,227,350,435,111,82
s8n_4096_add_2.c,76,252,209,361,387,434,127,140
s8n_4096_add_3.c,137,399,372,374,254,350,140,123
s8n_4096_add_4.c,137,375,363,231,249,354,92,138
s8n_4096_add_5.c,107,404,365,371,397,386,112,138
s8n_4096_add_6.c,111,385,375,373,326,273,124,108
s8n_4096_mul_0.c,371,358,315,256,415,464,291,245
s8n_4096_mul_1.c,353,361,358,350,410,260,226,227
s8n_4096_mul_2.c,372,450,306,303,412,477,303,185
s8n_4096_mul_3.c,315,347,360,439,405,460,231,237
s8n_4096_mul_4.c,342,345,351,293,318,390,194,217
s8n_4096_mul_5.c,248,491,352,229,245,271,182,184
s8n_4096_mul_6.c,377,358,305,213,387,260,211,201
s8n_4096_sub_0.c,108,358,283,368,397,433,204,121
s8n_4096_sub_1.c,141,322,238,382,385,373,132,105
s8n_4096_sub_2.c,109,209,254,257,268,267,129,138
s8n_4096_sub_3.c,121,337,252,327,418,278,121,120
s8n_4096_sub_4.c,182,363,329,335,340,435,204,124
s8n_4096_sub_5.c,148,401,372,360,394,366,120,205
s8n_4096_sub_6.c,112,384,372,233,381,356,121,204
s8n_512_add_0.c,136,412,370,371,396,438,147,99
s8n_512_add_1.c,143,400,372,301,370,426,83,129
s8n_512_add_2.c,116,312,224,225,352,367,147,129
s8n_512_add_3.c,132,372,351,330,257,425,118,96
s8n_512_add_4.c,95,410,385,370,336,290,130,149
s8n_512_add_5.c,90,364,339,224,242,270,84,138
s8n_512_add_6.c,134,415,391,370,397,450,119,83
s8n_512_mul_0.c,371,376,354,264,431,318,284,239
s8n_512_mul_1.c,345,370,361,245,403,457,317,245
s8n_512_mul_2.c,309,366,363,209,421,309,282,283
s8n_512_mul_3.c,207,241,287,356,419,399,183,211
s8n_512_mul_4.c,366,338,306,288,237,453,262,245
s8n_512_mul_5.c,201,228,226,347,293,382,255,190
s8n_512_mul_6.c,376,288,338,218,317,479,242,285
s8n_512_sub_0.c,128,406,225,372,269,433,166,178
s8n_512_sub_1.c,163,406,281,237,237,425,119,120
s8n_512_sub_2.c,168,233,224,279,248,343,173,230
s8n_512_sub_3.c,225,359,385,292,388,343,120,157
s8n_512_sub_4.c,117,292,392,246,333,460,128,173
s8n_512_sub_5.c,173,374,354,240,239,441,130,157
s8n_512_sub_6.c,227,376,373,349,417,460,226,231
s8n_64_add_0.c,121,401,367,377,363,420,141,170
s8n_64_add_1.c,95,237,215,267,417,397,173,224
s8n_64_add_2.c,130,391,364,376,259,416,178,199
s8n_64_add_3.c,107,395,343,381,422,485,104,209
s8n_64_add_4.c,132,395,364,237,352,350,178,242
s8n_64_add_5.c,184,236,213,309,363,490,172,211
s8n_64_add_6.c,167,365,356,372,414,490,147,183
s8n_64_mul_0.c,284,220,290,333,426,310,305,269
s8n_64_mul_1.c,319,381,274,355,416,498,247,320
s8n_64_mul_2.c,192,246,238,361,327,513,258,349
s8n_64_mul_3.c,201,344,247,250,276,303,251,299
s8n_64_mul_4.c,371,341,341,354,416,493,171,209
s8n_64_mul_5.c,362,244,210,205,241,289,189,211
s8n_64_mul_6.c,283,245,201,230,420,454,302,376
s8n_64_sub_0.c,226,391,364,343,254,296,199,287
s8n_64_sub_1.c,137,388,370,329,369,489,215,269
s8n_64_sub_2.c,202,290,359,376,239,472,191,200
s8n_64_sub_3.c,216,370,290,349,243,489,140,199
s8n_64_sub_4.c,211,387,209,372,375,415,159,288
s8n_64_sub_5.c,162,383,296,348,420,489,213,229
s8n_64_sub_6.c,145,386,366,376,418,382,140,194
s8n_8192_add_0.c,115,396,367,235,387,359,128,138
s8n_8192_add_1.c,120,218,236,207,251,354,148,149
s8n_8192_add_2.c,136,399,333,384,361,417,133,73
s8n_8192_add_3.c,114,354,304,342,347,428,129,96
s8n_8192_add_4.c,111,420,351,331,407,435,138,81
s8n_8192_add_5.c,82,418,285,379,406,382,137,98
s8n_8192_add_6.c,95,350,372,344,246,269,87,84
s8n_8192_mul_0.c,176,250,213,362,392,470,270,253
s8n_8192_mul_1.c,230,355,353,306,417,354,227,243
s8n_8192_mul_2.c,396,269,361,349,259,442,227,242
s8n_8192_mul_3.c,375,269,228,226,419,262,227,226
s8n_8192_mul_4.c,378,322,231,292,387,416,226,258
s8n_8192_mul_5.c,285,441,352,230,261,470,272,271
s8n_8192_mul_6.c,356,352,292,357,289,279,225,184
s8n_8192_sub_0.c,124,213,241,286,406,290,184,116
s8n_8192_sub_1.c,124,393,389,341,404,439,184,181
s8n_8192_sub_2.c,180,408,370,338,397,347,205,223
s8n_8192_sub_3.c,174,298,212,355,350,424,130,119
s8n_8192_sub_4.c,158,370,220,237,260,284,120,120
s8n_8192_sub_5.c,154,412,386,390,324,340,222,121
s8n_8192_sub_6.c,184,392,371,373,416,435,120,119
s9_1024_1024_0.c,157,169,149,135,155,214,171,221
s9_1024_1024_1.c,181,192,139,164,160,191,196,142
s9_1024_1024_2.c,147,164,167,180,159,144,172,172
s9_1024_1024_3.c,181,162,164,156,166,150,159,178
s9_1024_1024_4.c,165,200,168,166,197,187,202,172
s9_1024_128_0.c,128,159,160,135,201,155,199,173
s9_1024_128_1.c,141,140,168,122,138,137,172,148
s9_1024_128_2.c,227,167,167,157,153,201,201,136
s9_1024_128_3.c,154,146,146,109,162,139,138,169
s9_1024_128_4.c,220,118,138,169,159,140,175,171
s9_1024_16384_0.c,321,338,323,350,308,323,330,309
s9_1024_16384_1.c,322,318,315,311,345,311,304,381
s9_1024_16384_2.c,362,357,374,397,383,361,350,363
s9_1024_16384_3.c,335,337,362,364,317,339,319,301
s9_1024_16384_4.c,331,311,298,328,324,312,311,333
s9_1024_2048_0.c,240,237,247,232,224,241,231,238
s9_1024_2048_1.c,203,238,240,251,261,238,225,335
s9_1024_2048_2.c,236,263,257,293,315,274,279,252
s9_1024_2048_3.c,289,286,302,249,275,220,240,269
s9_1024_2048_4.c,337,252,281,291,258,291,280,267
s9_1024_256_0.c,175,141,135,108,136,177,133,133
s9_1024_256_1.c,143,157,141,161,134,168,154,180
s9_1024_256_2.c,167,160,120,110,133,181,133,108
s9_1024_256_3.c,114,114,171,159,168,135,132,121
s9_1024_256_4.c,135,172,148,149,169,162,166,167
s9_1024_4096_0.c,285,313,289,287,306,290,289,269
s9_1024_4096_1.c,319,288,295,287,276,270,294,283
s9_1024_4096_2.c,287,289,308,280,294,330,280,401
s9_1024_4096_3.c,323,332,327,321,348,338,314,328
s9_1024_4096_4.c,280,290,284,293,272,273,285,312
s9_1024_512_0.c,156,148,121,116,130,140,162,132
s9_1024_512_1.c,155,130,157,131,146,143,162,131
s9_1024_512_2.c,169,152,166,158,146,145,133,162
s9_1024_512_3.c,152,162,128,171,169,179,131,172
s9_1024_512_4.c,144,119,129,163,164,150,150,133
s9_1024_64_0.c,157,121,128,139,183,183,97,97
s9_1024_64_1.c,106,108,100,103,176,195,136,98
s9_1024_64_2.c,104,155,142,153,136,198,95,96
s9_1024_64_3.c,98,145,97,152,134,221,99,131
s9_1024_64_4.c,129,97,146,177,184,192,97,163
s9_1024_8192_0.c,313,295,289,293,312,286,298,292
s9_1024_8192_1.c,320,297,292,289,308,306,295,311
s9_1024_8192_2.c,300,296,303,302,304,337,306,310
s9_1024_8192_3.c,337,302,297,311,297,320,289,285
s9_1024_8192_4.c,302,309,302,313,322,298,326,333
s9_128_1024_0.c,150,149,149,168,135,141,129,107
s9_128_1024_1.c,113,118,117,140,117,174,125,157
s9_128_1024_2.c,166,150,159,134,160,123,123,158
s9_128_1024_3.c,161,160,160,158,157,128,133,135
s9_128_1024_4.c,163,162,146,121,136,166,164,141
s9_128_128_0.c,223,148,143,139,134,155,153,92
s9_128_128_1.c,220,143,143,164,102,156,163,135
s9_128_128_2.c,131,105,96,118,93,114,114,87
s9_128_128_3.c,135,144,159,144,161,156,114,99
s9_128_128_4.c,136,99,95,143,161,155,115,126
s9_128_16384_0.c,262,241,197,267,219,222,229,217
s9_128_16384_1.c,212,261,198,221,229,229,230,222
s9_128_16384_2.c,173,246,211,173,228,232,204,218
s9_128_16384_3.c,228,200,198,204,198,230,235,256
s9_128_16384_4.c,195,217,180,214,207,212,170,201
s9_128_2048_0.c,169,169,169,120,137,119,119,107
s9_128_2048_1.c,119,157,148,169,115,118,119,107
s9_128_2048_2.c,117,116,151,170,159,161,122,166
s9_128_2048_3.c,145,147,157,127,134,160,163,111
s9_128_2048_4.c,158,161,166,158,111,120,161,168
s9_128_256_0.c,91,150,153,105,112,127,126,154
s9_128_256_1.c,155,102,92,111,94,149,137,101
s9_128_256_2.c,144,98,97,93,97,115,113,147
s9_128_256_3.c,150,112,152,145,134,165,162,145
s9_128_256_4.c,123,145,136,138,106,167,124,97
s9_128_4096_0.c,116,112,114,120,112,115,113,108
s9_128_4096_1.c,113,115,114,171,112,117,129,109
s9_128_4096_2.c,114,113,113,112,113,115,114,115
s9_128_4096_3.c,113,151,113,113,112,156,113,110
s9_128_4096_4.c,113,114,112,120,111,114,115,112
s9_128_512_0.c,105,109,143,105,112,136,118,92
s9_128_512_1.c,106,122,103,107,110,113,127,94
s9_128_512_2.c,118,105,109,103,108,117,129,108
s9_128_512_3.c,109,106,136,104,109,118,115,96
s9_128_512_4.c,105,110,103,106,108,116,114,101
s9_128_64_0.c,94,78,78,99,74,87,72,74
s9_128_64_1.c,95,77,77,72,74,88,73,70
s9_128_64_2.c,94,78,76,74,72,90,74,74
s9_128_64_3.c,95,80,132,74,73,90,72,73
s9_128_64_4.c,105,77,76,73,76,86,76,74
s9_128_8192_0.c,166,130,116,117,142,120,115,112
s9_128_8192_1.c,119,121,123,116,117,121,116,110
s9_128_8192_2.c,161,120,114,167,117,121,129,116
s9_128_8192_3.c,116,121,123,136,125,138,122,139
s9_128_8192_4.c,148,125,125,114,144,123,118,116
s9_16384_1024_0.c,308,308,307,326,320,305,305,300
s9_16384_1024_1.c,310,309,309,309,308,307,304,311
s9_16384_1024_2.c,333,317,314,303,309,319,309,306
s9_16384_1024_3.c,307,306,305,305,304,305,299,307
s9_16384_1024_4.c,308,307,307,306,304,326,307,351
s9_16384_128_0.c,266,290,219,216,224,252,251,227
s9_16384_128_1.c,251,281,226,219,235,240,219,204
s9_16384_128_2.c,234,207,223,227,267,220,255,230
s9_16384_128_3.c,237,232,221,215,254,264,249,172
s9_16384_128_4.c,211,212,197,225,228,248,243,249
s9_16384_16384_0.c,324,334,326,351,334,333,334,316
s9_16384_16384_1.c,324,325,311,312,317,313,322,317
s9_16384_16384_2.c,310,325,326,313,312,307,322,313
s9_16384_16384_3.c,317,320,309,313,318,307,314,335
s9_16384_16384_4.c,313,317,322,307,312,333,317,323
s9_16384_2048_0.c,344,326,314,312,307,313,322,320
s9_16384_2048_1.c,322,322,314,313,313,303,324,317
s9_16384_2048_2.c,313,332,331,319,319,314,314,323
s9_16384_2048_3.c,314,307,318,313,314,307,306,317
s9_16384_2048_4.c,314,311,304,318,306,306,310,302
s9_16384_256_0.c,271,274,289,289,304,302,282,292
s9_16384_256_1.c,326,275,274,288,270,267,255,303
s9_16384_256_2.c,290,289,257,281,275,276,251,279
s9_16384_256_3.c,282,300,293,281,296,267,288,295
s9_16384_256_4.c,283,275,302,294,289,281,278,281
s9_16384_4096_0.c,308,311,324,311,310,312,312,316
s9_16384_4096_1.c,314,308,315,311,313,310,308,310
s9_16384_4096_2.c,313,313,313,317,306,320,306,313
s9_16384_4096_3.c,314,312,307,316,322,308,316,305
s9_16384_4096_4.c,308,327,327,313,314,314,308,311
s9_16384_512_0.c,293,297,294,294,317,307,296,304
s9_16384_512_1.c,299,296,293,303,304,288,302,311
s9_16384_512_2.c,332,309,302,294,318,301,320,312
s9_16384_512_3.c,311,301,302,310,316,312,315,317
s9_16384_512_4.c,309,304,301,297,323,332,293,303
s9_16384_64_0.c,182,114,120,125,152,151,134,117
s9_16384_64_1.c,117,111,126,121,153,149,115,142
s9_16384_64_2.c,143,117,138,115,157,155,114,155
s9_16384_64_3.c,149,113,117,118,156,155,175,116
s9_16384_64_4.c,114,113,111,125,166,150,130,112
s9_16384_8192_0.c,317,313,308,312,314,313,318,319
s9_16384_8192_1.c,313,314,326,322,320,320,308,319
s9_16384_8192_2.c,309,305,306,338,311,311,310,311
s9_16384_8192_3.c,313,309,308,316,316,321,322,322
s9_16384_8192_4.c,319,322,312,323,317,311,329,321
s9_2048_1024_0.c,251,215,218,201,258,212,228,211
s9_2048_1024_1.c,236,220,221,226,220,215,227,196
s9_2048_1024_2.c,208,223,245,220,207,223,229,252
s9_2048_1024_3.c,203,203,217,265,194,198,240,234
s9_2048_1024_4.c,181,193,215,205,236,236,246,265
s9_2048_128_0.c,211,110,109,121,135,158,137,108
s9_2048_128_1.c,130,143,119,175,189,138,136,164
s9_2048_128_2.c,128,108,108,109,136,136,155,107
s9_2048_128_3.c,140,108,108,108,151,157,148,161
s9_2048_128_4.c,128,107,108,161,137,137,153,107
s9_2048_16384_0.c,314,313,313,313,315,314,313,311
s9_2048_16384_1.c,314,312,311,312,315,313,324,310
s9_2048_16384_2.c,318,331,307,307,312,314,330,310
s9_2048_16384_3.c,304,331,307,309,311,315,316,305
s9_2048_16384_4.c,332,307,301,310,314,303,310,318
s9_2048_2048_0.c,262,272,277,314,278,261,290,289
s9_2048_2048_1.c,276,272,287,277,305,276,268,253
s9_2048_2048_2.c,258,292,255,270,267,257,278,267
s9_2048_2048_3.c,279,277,303,258,266,259,272,258
s9_2048_2048_4.c,278,280,301,273,262,298,261,278
s9_2048_256_0.c,108,133,147,107,133,132,142,110
s9_2048_256_1.c,107,108,107,106,133,137,171,108
s9_2048_256_2.c,120,107,109,108,132,133,132,110
s9_2048_256_3.c,110,107,110,107,132,133,134,107
s9_2048_256_4.c,110,107,108,115,134,135,134,110
s9_2048_4096_0.c,297,313,304,304,302,302,302,311
s9_2048_4096_1.c,305,308,312,311,313,305,300,310
s9_2048_4096_2.c,314,308,312,305,324,315,306,317
s9_2048_4096_3.c,313,309,328,320,317,300,296,302
s9_2048_4096_4.c,316,317,318,314,306,308,310,318
s9_2048_512_0.c,136,131,128,119,136,136,141,118
s9_2048_512_1.c,131,125,143,149,134,136,137,114
s9_2048_512_2.c,130,154,163,133,132,151,148,118
s9_2048_512_3.c,130,128,127,125,141,141,136,118
s9_2048_512_4.c,132,125,123,122,143,158,139,122
s9_2048_64_0.c,117,107,110,107,148,143,106,108
s9_2048_64_1.c,109,106,108,106,146,145,107,122
s9_2048_64_2.c,107,107,108,108,146,147,107,107
s9_2048_64_3.c,107,106,109,108,146,144,107,107
s9_2048_64_4.c,105,107,105,107,147,145,107,107
s9_2048_8192_0.c,307,322,325,321,311,327,317,318
s9_2048_8192_1.c,314,310,323,328,308,326,326,329
s9_2048_8192_2.c,311,315,311,324,322,322,321,327
s9_2048_8192_3.c,321,328,321,325,347,346,359,334
s9_2048_8192_4.c,324,324,319,325,320,315,323,309
s9_256_1024_0.c,117,118,118,119,125,127,136,109
s9_256_1024_1.c,119,119,119,119,127,126,126,109
s9_256_1024_2.c,120,121,119,121,127,130,127,108
s9_256_1024_3.c,117,118,120,118,125,128,125,109
s9_256_1024_4.c,117,120,120,118,125,128,124,109
s9_256_128_0.c,133,93,94,93,120,120,121,124
s9_256_128_1.c,138,99,107,103,121,122,122,93
s9_256_128_2.c,135,98,121,111,119,116,116,94
s9_256_128_3.c,142,92,90,91,121,116,117,91
s9_256_128_4.c,133,94,92,92,119,118,118,90
s9_256_16384_0.c,302,307,303,297,291,304,299,301
s9_256_16384_1.c,295,289,295,288,300,284,290,294
s9_256_16384_2.c,283,258,293,284,285,245,278,257
s9_256_16384_3.c,266,269,273,276,258,281,300,264
s9_256_16384_4.c,286,268,293,276,295,299,310,287
s9_256_2048_0.c,117,117,118,122,121,122,122,109
s9_256_2048_1.c,118,117,116,115,120,119,126,107
s9_256_2048_2.c,117,117,119,116,120,120,120,107
s9_256_2048_3.c,115,125,117,116,121,121,123,108
s9_256_2048_4.c,115,116,115,114,122,122,120,110
s9_256_256_0.c,98,97,97,98,122,121,122,97
s9_256_256_1.c,100,100,98,96,121,120,122,96
s9_256_256_2.c,96,96,99,99,120,123,123,98
s9_256_256_3.c,99,99,99,100,158,120,122,105
s9_256_256_4.c,95,98,98,96,120,122,120,98
s9_256_4096_0.c,117,131,114,123,124,120,130,114
s9_256_4096_1.c,118,117,126,119,122,123,136,119
s9_256_4096_2.c,116,113,114,118,123,124,120,121
s9_256_4096_3.c,125,121,118,128,123,120,128,121
s9_256_4096_4.c,158,118,122,140,121,122,119,118
s9_256_512_0.c,120,118,118,111,126,128,128,107
s9_256_512_1.c,116,118,118,112,125,130,136,110
s9_256_512_2.c,119,117,119,114,130,134,128,108
s9_256_512_3.c,117,117,118,112,127,129,131,117
s9_256_512_4.c,115,114,119,109,130,129,129,107
s9_256_64_0.c,95,94,94,95,125,135,91,95
s9_256_64_1.c,97,93,95,93,127,122,95,95
s9_256_64_2.c,100,96,104,117,132,128,94,95
s9_256_64_3.c,118,94,93,89,124,128,97,92
s9_256_64_4.c,93,97,94,95,154,122,94,91
s9_256_8192_0.c,199,200,228,224,223,215,233,222
s9_256_8192_1.c,193,210,204,208,221,236,238,248
s9_256_8192_2.c,254,246,219,238,228,227,208,236
s9_256_8192_3.c,230,216,198,223,242,196,190,217
s9_256_8192_4.c,232,232,221,232,231,239,222,216
s9_4096_1024_0.c,295,303,298,296,302,306,280,282
s9_4096_1024_1.c,302,297,284,301,287,291,284,300
s9_4096_1024_2.c,300,284,294,292,276,290,275,296
s9_4096_1024_3.c,293,289,276,291,294,298,318,279
s9_4096_1024_4.c,290,305,296,298,267,277,306,264
s9_4096_128_0.c,133,109,108,107,138,138,134,116
s9_4096_128_1.c,129,110,109,117,138,140,138,110
s9_4096_128_2.c,130,110,115,107,137,138,137,109
s9_4096_128_3.c,128,110,109,109,140,140,139,110
s9_4096_128_4.c,132,107,109,108,136,138,137,110
s9_4096_16384_0.c,346,327,321,316,330,322,310,321
s9_4096_16384_1.c,321,312,322,331,319,328,325,334
s9_4096_16384_2.c,327,326,326,328,323,322,325,317
s9_4096_16384_3.c,318,309,322,311,309,307,315,325
s9_4096_16384_4.c,334,327,340,335,325,335,327,334
s9_4096_2048_0.c,318,315,317,326,312,316,321,310
s9_4096_2048_1.c,314,311,319,333,301,315,327,321
s9_4096_2048_2.c,320,324,310,324,314,321,323,303
s9_4096_2048_3.c,290,318,316,317,314,331,320,320
s9_4096_2048_4.c,317,289,306,310,287,283,285,319
s9_4096_256_0.c,123,122,119,134,145,164,147,117
s9_4096_256_1.c,113,112,119,119,146,140,141,114
s9_4096_256_2.c,115,125,117,120,142,148,138,134
s9_4096_256_3.c,118,115,127,113,137,155,146,120
s9_4096_256_4.c,128,121,133,116,175,202,166,119
s9_4096_4096_0.c,311,315,319,329,317,321,320,309
s9_4096_4096_1.c,327,296,305,306,313,311,311,316
s9_4096_4096_2.c,324,328,327,325,328,327,325,329
s9_4096_4096_3.c,326,341,325,316,329,329,314,308
s9_4096_4096_4.c,305,300,308,312,312,301,302,327
s9_4096_512_0.c,234,239,216,209,252,249,249,227
s9_4096_512_1.c,236,239,244,221,240,231,228,233
s9_4096_512_2.c,282,255,216,210,228,234,218,220
s9_4096_512_3.c,217,238,253,244,225,257,236,206
s9_4096_512_4.c,177,185,206,252,225,218,256,242
s9_4096_64_0.c,107,109,110,110,147,147,109,108
s9_4096_64_1.c,110,107,110,110,149,145,108,107
s9_4096_64_2.c,109,108,110,108,148,154,123,109
s9_4096_64_3.c,110,108,109,110,147,144,108,109
s9_4096_64_4.c,110,108,110,110,147,169,108,140
s9_4096_8192_0.c,321,322,319,319,321,318,327,318
s9_4096_8192_1.c,319,317,310,309,312,311,318,329
s9_4096_8192_2.c,333,326,328,325,321,332,324,323
s9_4096_8192_3.c,324,320,324,323,325,335,324,320
s9_4096_8192_4.c,323,327,321,318,331,336,335,320
s9_512_1024_0.c,117,121,120,119,128,128,129,109
s9_512_1024_1.c,119,120,120,120,125,128,126,111
s9_512_1024_2.c,118,119,121,117,125,125,129,106
s9_512_1024_3.c,120,119,120,120,124,128,127,110
s9_512_1024_4.c,118,119,118,117,127,126,126,111
s9_512_128_0.c,133,102,98,99,137,123,125,96
s9_512_128_1.c,131,109,99,96,128,126,124,95
s9_512_128_2.c,130,103,99,102,127,124,130,96
s9_512_128_3.c,128,95,96,95,123,127,126,93
s9_512_128_4.c,130,96,97,95,125,127,123,96
s9_512_16384_0.c,304,308,310,319,310,333,332,296
s9_512_16384_1.c,325,338,328,301,328,283,298,296
s9_512_16384_2.c,312,303,297,303,315,339,331,306
s9_512_16384_3.c,298,311,303,294,326,319,299,328
s9_512_16384_4.c,330,298,307,301,295,287,303,308
s9_512_2048_0.c,125,120,116,127,124,125,134,113
s9_512_2048_1.c,126,139,122,118,176,128,122,136
s9_512_2048_2.c,125,127,123,121,130,127,130,116
s9_512_2048_3.c,120,129,164,130,134,123,134,118
s9_512_2048_4.c,120,121,128,122,128,130,128,131
s9_512_256_0.c,107,107,106,106,134,133,134,108
s9_512_256_1.c,108,109,117,105,131,133,135,103
s9_512_256_2.c,108,109,107,104,133,131,133,106
s9_512_256_3.c,108,110,111,107,140,132,135,108
s9_512_256_4.c,115,107,108,106,133,152,130,109
s9_512_4096_0.c,265,213,232,198,210,225,217,215
s9_512_4096_1.c,191,207,218,219,203,219,183,194
s9_512_4096_2.c,227,201,204,229,232,232,234,205
s9_512_4096_3.c,221,219,227,245,236,206,211,202
s9_512_4096_4.c,220,236,219,208,203,230,231,221
s9_512_512_0.c,117,119,122,114,129,131,133,110
s9_512_512_1.c,120,117,124,114,131,130,129,109
s9_512_512_2.c,119,119,121,113,130,132,130,108
s9_512_512_3.c,118,119,119,114,131,131,131,109
s9_512_512_4.c,123,118,124,118,129,131,131,109
s9_512_64_0.c,95,90,93,92,124,121,89,99
s9_512_64_1.c,97,94,95,90,126,122,89,89
s9_512_64_2.c,96,91,94,87,125,126,91,91
s9_512_64_3.c,96,92,92,162,125,152,88,88
s9_512_64_4.c,94,94,92,92,130,123,94,89
s9_512_8192_0.c,293,289,283,277,280,301,295,283
s9_512_8192_1.c,300,287,302,292,313,293,300,295
s9_512_8192_2.c,266,289,277,293,277,290,297,299
s9_512_8192_3.c,294,303,291,288,309,307,248,297
s9_512_8192_4.c,295,281,280,271,283,298,252,265
s9_64_1024_0.c,102,107,105,112,107,102,114,96
s9_64_1024_1.c,98,107,109,110,105,103,109,96
s9_64_1024_2.c,108,111,147,111,105,103,116,102
s9_64_1024_3.c,108,102,107,108,109,106,116,131
s9_64_1024_4.c,114,106,105,112,110,107,109,95
s9_64_128_0.c,138,73,73,74,74,72,80,74
s9_64_128_1.c,137,74,74,74,75,73,85,74
s9_64_128_2.c,138,75,75,101,74,72,86,75
s9_64_128_3.c,136,74,73,73,76,76,83,74
s9_64_128_4.c,139,75,75,74,99,74,80,73
s9_64_16384_0.c,114,121,135,132,124,118,111,115
s9_64_16384_1.c,113,119,118,113,115,117,115,150
s9_64_16384_2.c,117,113,117,113,120,131,116,123
s9_64_16384_3.c,113,113,116,116,123,128,120,139
s9_64_16384_4.c,118,115,113,113,122,116,117,133
s9_64_2048_0.c,117,115,122,116,115,111,117,107
s9_64_2048_1.c,127,115,127,123,115,112,117,107
s9_64_2048_2.c,116,113,115,116,115,110,117,109
s9_64_2048_3.c,121,116,115,115,113,110,117,107
s9_64_2048_4.c,113,117,116,113,117,117,121,107
s9_64_256_0.c,95,97,96,92,92,88,109,89
s9_64_256_1.c,92,96,96,96,91,90,110,91
s9_64_256_2.c,95,94,94,92,100,94,111,95
s9_64_256_3.c,94,97,96,96,93,91,111,92
s9_64_256_4.c,94,95,98,97,96,93,109,93
s9_64_4096_0.c,115,127,113,113,123,111,114,109
s9_64_4096_1.c,112,113,115,110,111,138,115,108
s9_64_4096_2.c,113,114,113,110,113,112,115,111
s9_64_4096_3.c,113,114,115,114,114,114,115,110
s9_64_4096_4.c,115,114,115,113,114,123,115,109
s9_64_512_0.c,107,124,104,100,100,91,109,106
s9_64_512_1.c,97,98,102,101,103,91,111,93
s9_64_512_2.c,101,105,103,133,101,89,114,90
s9_64_512_3.c,103,106,93,102,100,92,105,112
s9_64_512_4.c,101,99,102,102,103,90,109,92
s9_64_64_0.c,84,78,79,70,69,103,68,69
s9_64_64_1.c,85,78,78,69,70,68,92,69
s9_64_64_2.c,85,80,77,69,68,68,70,69
s9_64_64_3.c,84,104,77,67,67,69,68,70
s9_64_64_4.c,85,78,79,69,68,69,68,69
s9_64_8192_0.c,111,111,112,110,112,110,114,109
s9_64_8192_1.c,112,111,112,112,112,110,112,115
s9_64_8192_2.c,112,112,112,111,112,112,113,111
s9_64_8192_3.c,111,111,114,110,111,112,129,111
s9_64_8192_4.c,112,111,112,121,112,111,113,111
s9_8192_1024_0.c,324,294,303,315,292,285,310,296
s9_8192_1024_1.c,286,300,283,292,300,301,307,312
s9_8192_1024_2.c,303,316,287,317,294,303,303,344
s9_8192_1024_3.c,304,300,293,310,307,310,314,308
s9_8192_1024_4.c,301,308,314,329,296,309,308,297
s9_8192_128_0.c,138,115,125,116,143,136,140,113
s9_8192_128_1.c,146,127,116,111,139,147,158,119
s9_8192_128_2.c,137,117,113,125,169,151,139,119
s9_8192_128_3.c,141,155,127,115,144,142,147,120
s9_8192_128_4.c,129,129,118,123,157,143,148,121
s9_8192_16384_0.c,317,312,320,327,316,312,318,352
s9_8192_16384_1.c,355,326,317,328,322,326,313,327
s9_8192_16384_2.c,318,323,324,321,320,320,332,324
s9_8192_16384_3.c,332,321,324,322,327,317,324,312
s9_8192_16384_4.c,314,316,324,326,323,327,325,333
s9_8192_2048_0.c,315,330,332,303,313,328,319,318
s9_8192_2048_1.c,310,319,304,313,306,293,322,330
s9_8192_2048_2.c,304,299,319,307,315,320,325,324
s9_8192_2048_3.c,310,326,339,307,325,313,324,298
s9_8192_2048_4.c,316,302,339,300,298,305,324,347
s9_8192_256_0.c,262,215,202,211,242,241,230,215
s9_8192_256_1.c,240,242,228,241,233,252,248,233
s9_8192_256_2.c,232,210,208,209,238,227,230,228
s9_8192_256_3.c,219,238,205,205,232,240,236,217
s9_8192_256_4.c,236,231,212,201,230,225,227,224
s9_8192_4096_0.c,318,329,326,324,327,315,326,321
s9_8192_4096_1.c,318,333,319,322,324,324,318,321
s9_8192_4096_2.c,320,345,318,312,319,330,324,318
s9_8192_4096_3.c,324,325,325,321,324,326,320,324
s9_8192_4096_4.c,324,324,324,324,322,320,325,317
s9_8192_512_0.c,276,280,286,287,288,265,292,293
s9_8192_512_1.c,299,296,296,296,295,299,297,294
s9_8192_512_2.c,291,297,297,295,303,295,304,280
s9_8192_512_3.c,265,280,286,302,297,295,294,310
s9_8192_512_4.c,303,296,298,298,300,297,297,284
s9_8192_64_0.c,109,109,109,109,146,147,109,110
s9_8192_64_1.c,110,109,109,107,146,145,109,109
s9_8192_64_2.c,118,107,109,108,147,151,109,108
s9_8192_64_3.c,135,110,111,108,147,145,126,108
s9_8192_64_4.c,110,109,108,109,174,146,140,108
s9_8192_8192_0.c,317,330,313,327,329,325,328,318
s9_8192_8192_1.c,316,324,329,320,327,321,324,333
s9_8192_8192_2.c,327,307,313,312,323,320,325,323
s9_8192_8192_3.c,316,327,320,320,327,332,322,328
s9_8192_8192_4.c,321,331,324,319,329,324,330,313
s9n_1024_1024_0_x.c,217,192,198,191,192,257,273,251
s9n_1024_1024_0_y.c,192,194,185,193,185,244,238,259
s9n_1024_1024_0_z.c,211,202,191,195,184,235,252,257
s9n_1024_1024_1_x.c,192,200,189,199,241,250,234,241
s9n_1024_1024_1_y.c,217,189,188,195,189,236,242,262
s9n_1024_1024_1_z.c,194,185,184,195,187,237,258,254
s9n_1024_1024_2_x.c,189,189,193,206,189,260,261,259
s9n_1024_1024_2_y.c,188,184,186,190,190,250,259,242
s9n_1024_1024_2_z.c,196,200,190,189,194,248,238,254
s9n_1024_1024_3_x.c,197,190,186,193,193,243,261,239
s9n_1024_1024_3_y.c,188,185,190,188,193,262,275,250
s9n_1024_1024_3_z.c,189,182,192,191,193,242,256,261
s9n_1024_1024_4_x.c,193,192,187,194,193,240,265,239
s9n_1024_1024_4_y.c,195,189,189,189,187,256,254,264
s9n_1024_1024_4_z.c,191,189,185,182,192,256,256,293
s9n_1024_128_0_x.c,174,171,174,173,187,280,281,284
s9n_1024_128_0_y.c,170,176,168,177,178,285,288,284
s9n_1024_128_0_z.c,176,175,171,174,178,279,284,282
s9n_1024_128_1_x.c,179,177,169,173,194,296,281,291
s9n_1024_128_1_y.c,173,174,172,179,181,312,279,280
s9n_1024_128_1_z.c,174,173,172,174,179,289,279,283
s9n_1024_128_2_x.c,175,172,171,173,176,286,282,282
s9n_1024_128_2_y.c,172,170,173,175,176,284,283,283
s9n_1024_128_2_z.c,173,171,173,179,176,282,286,284
s9n_1024_128_3_x.c,176,174,168,175,181,283,298,285
s9n_1024_128_3_y.c,173,176,169,174,176,285,282,281
s9n_1024_128_3_z.c,189,175,175,179,177,281,282,283
s9n_1024_128_4_x.c,173,174,179,176,181,308,298,284
s9n_1024_128_4_y.c,174,171,198,177,184,300,288,280
s9n_1024_128_4_z.c,173,171,179,177,181,283,287,287
s9n_1024_16384_0_x.c,327,326,323,323,285,303,279,321
s9n_1024_16384_0_y.c,318,292,283,299,296,319,323,292
s9n_1024_16384_0_z.c,320,326,321,316,280,319,308,322
s9n_1024_16384_1_x.c,320,314,306,310,304,295,307,317
s9n_1024_16384_1_y.c,299,294,297,294,303,299,319,302
s9n_1024_16384_1_z.c,312,299,301,311,323,300,290,326
s9n_1024_16384_2_x.c,291,309,299,296,286,307,286,313
s9n_1024_16384_2_y.c,309,298,317,299,316,313,310,278
s9n_1024_16384_2_z.c,302,279,283,315,310,302,310,302
s9n_1024_16384_3_x.c,297,312,305,286,306,294,300,287
s9n_1024_16384_3_y.c,286,313,301,321,295,307,293,285
s9n_1024_16384_3_z.c,308,285,330,301,281,296,294,303
s9n_1024_16384_4_x.c,310,309,305,311,306,302,281,314
s9n_1024_16384_4_y.c,297,306,310,307,314,309,305,309
s9n_1024_16384_4_z.c,313,310,304,302,283,296,319,298
s9n_1024_2048_0_x.c,223,251,245,213,209,224,234,211
s9n_1024_2048_0_y.c,218,224,218,221,234,238,246,245
s9n_1024_2048_0_z.c,246,257,224,225,236,247,212,217
s9n_1024_2048_1_x.c,213,221,213,203,247,242,220,229
s9n_1024_2048_1_y.c,237,235,236,217,223,234,230,231
s9n_1024_2048_1_z.c,209,236,230,212,251,243,227,243
s9n_1024_2048_2_x.c,235,239,240,267,227,253,245,230
s9n_1024_2048_2_y.c,225,235,231,236,224,240,245,232
s9n_1024_2048_2_z.c,230,244,237,230,257,243,261,251
s9n_1024_2048_3_x.c,248,210,208,242,235,244,231,261
s9n_1024_2048_3_y.c,224,224,208,227,223,229,230,220
s9n_1024_2048_3_z.c,232,261,214,227,218,269,237,223
s9n_1024_2048_4_x.c,211,211,212,215,227,218,225,216
s9n_1024_2048_4_y.c,206,210,232,204,213,221,223,237
s9n_1024_2048_4_z.c,250,205,204,250,218,230,239,215
s9n_1024_256_0_x.c,176,170,203,227,178,273,276,311
s9n_1024_256_0_y.c,195,172,169,177,174,277,276,275
s9n_1024_256_0_z.c,176,178,172,180,178,275,272,277
s9n_1024_256_1_x.c,176,174,169,176,176,274,277,279
s9n_1024_256_1_y.c,176,175,174,180,179,275,275,272
s9n_1024_256_1_z.c,176,172,168,174,178,274,276,275
s9n_1024_256_2_x.c,178,176,169,179,174,275,304,274
s9n_1024_256_2_y.c,176,176,190,179,186,274,273,277
s9n_1024_256_2_z.c,178,171,174,210,180,272,274,276
s9n_1024_256_3_x.c,175,173,172,178,176,279,272,276
s9n_1024_256_3_y.c,175,170,167,181,178,273,272,275
s9n_1024_256_3_z.c,173,177,174,180,177,275,294,272
s9n_1024_256_4_x.c,175,173,170,178,178,276,278,273
s9n_1024_256_4_y.c,175,177,173,174,179,273,279,280
s9n_1024_256_4_z.c,176,173,170,176,250,273,274,275
s9n_1024_4096_0_x.c,256,264,246,253,287,244,267,261
s9n_1024_4096_0_y.c,274,266,272,270,283,269,274,279
s9n_1024_4096_0_z.c,274,255,271,274,296,297,266,282
s9n_1024_4096_1_x.c,276,286,247,287,283,262,276,269
s9n_1024_4096_1_y.c,282,255,283,285,262,251,273,274
s9n_1024_4096_1_z.c,280,284,268,250,258,304,318,282
s9n_1024_4096_2_x.c,299,278,300,275,309,279,304,252
s9n_1024_4096_2_y.c,237,248,262,233,259,251,243,267
s9n_1024_4096_2_z.c,234,245,246,243,243,240,269,250
s9n_1024_4096_3_x.c,246,249,255,244,260,255,249,264
s9n_1024_4096_3_y.c,239,246,251,248,245,236,239,251
s9n_1024_4096_3_z.c,246,245,251,274,234,251,252,237
s9n_1024_4096_4_x.c,256,259,265,239,244,359,237,238
s9n_1024_4096_4_y.c,251,244,237,250,271,239,240,267
s9n_1024_4096_4_z.c,243,242,247,239,258,267,246,239
s9n_1024_512_0_x.c,171,170,176,178,177,262,260,262
s9n_1024_512_0_y.c,170,172,176,176,177,263,262,254
s9n_1024_512_0_z.c,171,170,175,177,177,272,249,262
s9n_1024_512_1_x.c,197,172,176,177,177,254,287,261
s9n_1024_512_1_y.c,181,171,178,177,177,255,259,256
s9n_1024_512_1_z.c,172,170,176,179,176,255,258,254
s9n_1024_512_2_x.c,172,171,175,175,178,260,260,260
s9n_1024_512_2_y.c,174,187,183,180,176,258,252,261
s9n_1024_512_2_z.c,172,169,175,176,176,276,255,253
s9n_1024_512_3_x.c,170,170,175,176,176,253,255,259
s9n_1024_512_3_y.c,172,170,174,178,175,254,260,256
s9n_1024_512_3_z.c,170,173,176,178,176,257,261,255
s9n_1024_512_4_x.c,172,170,175,174,177,258,258,257
s9n_1024_512_4_y.c,173,172,175,174,178,255,254,264
s9n_1024_512_4_z.c,169,172,177,180,177,256,266,257
s9n_1024_64_0_x.c,152,150,148,162,159,277,345,274
s9n_1024_64_0_y.c,150,156,157,161,158,271,275,274
s9n_1024_64_0_z.c,151,149,150,162,157,268,290,284
s9n_1024_64_1_x.c,151,154,154,166,164,273,271,270
s9n_1024_64_1_y.c,158,152,159,155,161,270,294,268
s9n_1024_64_1_z.c,156,156,153,155,161,270,271,273
s9n_1024_64_2_x.c,149,152,153,154,155,272,273,269
s9n_1024_64_2_y.c,155,155,154,156,153,287,272,266
s9n_1024_64_2_z.c,155,160,152,156,159,268,269,267
s9n_1024_64_3_x.c,176,178,157,161,157,270,272,269
s9n_1024_64_3_y.c,153,152,151,161,155,271,269,272
s9n_1024_64_3_z.c,150,157,153,157,157,273,272,269
s9n_1024_64_4_x.c,155,150,149,165,160,272,269,269
s9n_1024_64_4_y.c,155,149,149,162,159,268,271,269
s9n_1024_64_4_z.c,152,154,157,154,162,266,266,279
s9n_1024_8192_0_x.c,277,269,267,266,270,276,267,278
s9n_1024_8192_0_y.c,284,271,273,286,278,289,265,262
s9n_1024_8192_0_z.c,263,267,280,276,279,261,267,266
s9n_1024_8192_1_x.c,277,270,271,271,262,273,268,271
s9n_1024_8192_1_y.c,270,280,267,261,274,270,296,273
s9n_1024_8192_1_z.c,283,305,289,288,260,286,288,261
s9n_1024_8192_2_x.c,281,259,263,269,280,265,275,275
s9n_1024_8192_2_y.c,268,269,274,282,264,272,266,276
s9n_1024_8192_2_z.c,279,262,267,261,281,268,264,281
s9n_1024_8192_3_x.c,274,274,272,272,275,263,274,287
s9n_1024_8192_3_y.c,263,263,267,262,274,266,283,282
s9n_1024_8192_3_z.c,292,289,272,266,297,290,286,292
s9n_1024_8192_4_x.c,272,286,263,296,278,293,263,277
s9n_1024_8192_4_y.c,268,268,270,274,262,269,271,288
s9n_1024_8192_4_z.c,283,292,289,275,285,289,264,290
s9n_128_1024_0_x.c,185,176,182,178,180,249,238,244
s9n_128_1024_0_y.c,185,178,177,182,176,230,224,246
s9n_128_1024_0_z.c,183,177,178,178,178,225,254,251
s9n_128_1024_1_x.c,187,183,178,183,180,227,253,250
s9n_128_1024_1_y.c,181,178,182,176,181,247,254,243
s9n_128_1024_1_z.c,182,178,174,179,182,252,252,227
s9n_128_1024_2_x.c,183,183,177,174,177,244,245,225
s9n_128_1024_2_y.c,184,182,178,179,178,238,250,251
s9n_128_1024_2_z.c,185,176,207,179,179,247,232,233
s9n_128_1024_3_x.c,189,180,178,175,177,259,240,249
s9n_128_1024_3_y.c,181,177,182,187,179,248,257,230
s9n_128_1024_3_z.c,182,179,177,176,185,241,251,262
s9n_128_1024_4_x.c,177,182,177,177,180,229,245,230
s9n_128_1024_4_y.c,188,188,176,183,182,248,259,224
s9n_128_1024_4_z.c,183,177,180,174,176,249,239,227
s9n_128_128_0_x.c,141,145,139,148,140,248,246,252
s9n_128_128_0_y.c,135,140,147,138,147,249,249,257
s9n_128_128_0_z.c,138,148,139,148,139,247,248,250
s9n_128_128_1_x.c,142,143,147,140,139,246,246,248
s9n_128_128_1_y.c,145,147,152,147,146,250,247,249
s9n_128_128_1_z.c,138,148,140,150,147,247,270,246
s9n_128_128_2_x.c,135,141,148,139,139,248,247,247
s9n_128_128_2_y.c,134,140,138,138,144,245,259,251
s9n_128_128_2_z.c,140,147,147,172,141,248,251,246
s9n_128_128_3_x.c,141,146,147,140,146,247,246,246
s9n_128_128_3_y.c,141,141,159,144,145,249,251,257
s9n_128_128_3_z.c,137,141,149,155,138,251,249,246
s9n_128_128_4_x.c,140,150,147,143,139,251,247,252
s9n_128_128_4_y.c,134,144,139,138,149,250,248,251
s9n_128_128_4_z.c,135,163,151,155,155,247,251,247
s9n_128_16384_0_x.c,221,213,200,233,228,203,210,232
s9n_128_16384_0_y.c,217,222,212,224,222,263,215,207
s9n_128_16384_0_z.c,214,202,209,201,230,214,215,209
s9n_128_16384_1_x.c,211,219,203,219,226,229,225,209
s9n_128_16384_1_y.c,210,205,218,199,228,221,207,210
s9n_128_16384_1_z.c,217,202,210,200,204,227,203,210
s9n_128_16384_2_x.c,218,204,212,222,212,227,205,221
s9n_128_16384_2_y.c,212,217,226,212,205,224,224,232
s9n_128_16384_2_z.c,204,200,208,219,213,212,211,215
s9n_128_16384_3_x.c,210,208,209,207,207,209,211,215
s9n_128_16384_3_y.c,210,210,211,206,211,213,214,217
s9n_128_16384_3_z.c,209,209,206,213,219,215,228,211
s9n_128_16384_4_x.c,209,208,207,211,214,205,213,215
s9n_128_16384_4_y.c,210,206,207,210,210,209,210,215
s9n_128_16384_4_z.c,209,204,208,209,209,222,209,211
s9n_128_2048_0_x.c,185,181,189,178,185,231,194,200
s9n_128_2048_0_y.c,191,184,212,182,187,192,213,191
s9n_128_2048_0_z.c,189,221,182,294,187,192,195,194
s9n_128_2048_1_x.c,190,179,181,182,212,231,199,199
s9n_128_2048_1_y.c,184,185,184,184,182,234,200,206
s9n_128_2048_1_z.c,189,218,182,189,184,194,197,196
s9n_128_2048_2_x.c,191,184,184,188,190,190,198,193
s9n_128_2048_2_y.c,192,185,181,181,190,191,195,206
s9n_128_2048_2_z.c,212,203,182,327,186,190,224,193
s9n_128_2048_3_x.c,217,179,180,179,186,191,196,195
s9n_128_2048_3_y.c,187,177,184,184,212,198,194,192
s9n_128_2048_3_z.c,190,181,184,185,187,199,193,191
s9n_128_2048_4_x.c,191,179,188,185,192,194,290,204
s9n_128_2048_4_y.c,195,199,193,183,179,194,196,207
s9n_128_2048_4_z.c,188,182,186,191,183,193,205,194
s9n_128_256_0_x.c,186,151,163,154,155,249,248,289
s9n_128_256_0_y.c,154,153,144,153,148,249,259,253
s9n_128_256_0_z.c,146,145,148,153,145,245,247,243
s9n_128_256_1_x.c,145,150,149,182,154,254,252,249
s9n_128_256_1_y.c,147,144,159,157,157,247,244,249
s9n_128_256_1_z.c,156,150,158,152,143,255,241,242
s9n_128_256_2_x.c,155,150,142,145,160,248,245,245
s9n_128_256_2_y.c,196,179,148,157,141,251,252,249
s9n_128_256_2_z.c,145,149,148,143,143,253,254,251
s9n_128_256_3_x.c,151,167,148,148,154,254,250,248
s9n_128_256_3_y.c,153,148,159,162,153,251,302,248
s9n_128_256_3_z.c,146,163,145,154,154,249,264,254
s9n_128_256_4_x.c,148,172,144,142,150,295,246,250
s9n_128_256_4_y.c,145,157,142,146,149,248,247,263
s9n_128_256_4_z.c,179,149,153,151,152,238,248,247
s9n_128_4096_0_x.c,186,216,181,184,185,193,189,189
s9n_128_4096_0_y.c,185,189,188,186,190,195,213,281
s9n_128_4096_0_z.c,188,182,236,184,313,193,188,191
s9n_128_4096_1_x.c,186,185,210,182,187,221,189,184
s9n_128_4096_1_y.c,190,182,183,186,215,195,204,190
s9n_128_4096_1_z.c,187,183,183,186,183,196,189,186
s9n_128_4096_2_x.c,185,181,182,185,283,192,190,193
s9n_128_4096_2_y.c,190,181,181,184,186,189,219,201
s9n_128_4096_2_z.c,192,193,184,188,190,191,212,220
s9n_128_4096_3_x.c,218,180,182,184,189,212,194,200
s9n_128_4096_3_y.c,191,183,183,189,185,188,198,195
s9n_128_4096_3_z.c,187,179,206,279,183,189,192,195
s9n_128_4096_4_x.c,184,216,218,184,187,194,190,190
s9n_128_4096_4_y.c,195,183,183,183,183,191,232,191
s9n_128_4096_4_z.c,186,182,184,185,184,189,190,196
s9n_128_512_0_x.c,162,161,162,212,164,242,239,244
s9n_128_512_0_y.c,163,163,165,162,162,245,247,246
s9n_128_512_0_z.c,166,165,163,163,167,248,243,249
s9n_128_512_1_x.c,196,158,160,160,161,236,241,280
s9n_128_512_1_y.c,163,159,164,167,166,239,245,245
s9n_128_512_1_z.c,157,196,166,163,180,245,246,261
s9n_128_512_2_x.c,154,162,163,153,158,238,241,239
s9n_128_512_2_y.c,163,160,163,159,163,269,235,241
s9n_128_512_2_z.c,161,157,160,161,174,241,237,245
s9n_128_512_3_x.c,164,159,167,170,168,252,280,238
s9n_128_512_3_y.c,164,161,161,165,165,247,247,244
s9n_128_512_3_z.c,195,161,224,159,161,251,245,252
s9n_128_512_4_x.c,163,162,161,166,170,257,243,251
s9n_128_512_4_y.c,168,159,186,160,163,243,244,252
s9n_128_512_4_z.c,162,161,163,169,169,312,244,246
s9n_128_64_0_x.c,77,74,76,73,77,191,187,185
s9n_128_64_0_y.c,76,75,73,105,80,182,183,185
s9n_128_64_0_z.c,74,78,77,78,75,187,183,186
s9n_128_64_1_x.c,81,73,76,74,78,190,190,186
s9n_128_64_1_y.c,76,77,78,77,77,206,184,185
s9n_128_64_1_z.c,77,76,75,74,74,191,186,185
s9n_128_64_2_x.c,76,79,77,75,79,187,189,187
s9n_128_64_2_y.c,79,82,77,74,75,188,189,188
s9n_128_64_2_z.c,77,78,72,79,73,192,191,185
s9n_128_64_3_x.c,74,76,76,77,75,193,187,189
s9n_128_64_3_y.c,74,81,74,75,74,187,186,183
s9n_128_64_3_z.c,73,76,81,80,76,189,184,182
s9n_128_64_4_x.c,74,86,77,76,77,187,188,185
s9n_128_64_4_y.c,78,76,75,73,73,191,190,185
s9n_128_64_4_z.c,76,80,76,73,77,189,188,180
s9n_128_8192_0_x.c,216,184,184,183,185,192,190,193
s9n_128_8192_0_y.c,190,186,190,188,240,192,192,219
s9n_128_8192_0_z.c,186,187,183,186,185,189,190,192
s9n_128_8192_1_x.c,222,184,210,185,187,189,192,188
s9n_128_8192_1_y.c,190,186,185,183,185,201,188,187
s9n_128_8192_1_z.c,189,186,181,182,186,193,187,190
s9n_128_8192_2_x.c,231,185,183,185,184,188,190,189
s9n_128_8192_2_y.c,188,186,182,181,186,216,189,188
s9n_128_8192_2_z.c,198,182,178,212,186,184,189,189
s9n_128_8192_3_x.c,190,182,183,213,194,189,186,190
s9n_128_8192_3_y.c,188,183,185,183,195,187,192,190
s9n_128_8192_3_z.c,186,182,178,184,184,190,193,256
s9n_128_8192_4_x.c,186,185,183,192,186,218,192,189
s9n_128_8192_4_y.c,189,184,181,184,195,190,188,191
s9n_128_8192_4_z.c,190,185,184,193,185,190,191,197
s9n_16384_1024_0_x.c,295,288,289,286,288,321,335,321
s9n_16384_1024_0_y.c,290,289,289,289,285,312,320,314
s9n_16384_1024_0_z.c,287,289,287,291,291,317,308,323
s9n_16384_1024_1_x.c,290,284,288,281,288,327,329,313
s9n_16384_1024_1_y.c,288,284,282,285,286,322,313,319
s9n_16384_1024_1_z.c,288,289,291,289,286,315,311,311
s9n_16384_1024_2_x.c,284,283,290,285,281,319,323,315
s9n_16384_1024_2_y.c,287,286,286,286,290,321,315,313
s9n_16384_1024_2_z.c,288,287,287,286,288,311,325,308
s9n_16384_1024_3_x.c,287,291,290,288,317,404,309,311
s9n_16384_1024_3_y.c,289,286,291,287,288,321,308,320
s9n_16384_1024_3_z.c,289,292,289,287,292,312,312,318
s9n_16384_1024_4_x.c,291,341,285,287,283,319,310,310
s9n_16384_1024_4_y.c,287,298,288,286,289,314,320,320
s9n_16384_1024_4_z.c,295,295,288,282,304,341,311,318
s9n_16384_128_0_x.c,221,240,215,227,224,312,321,317
s9n_16384_128_0_y.c,221,223,219,222,226,302,305,300
s9n_16384_128_0_z.c,219,258,219,213,223,304,322,301
s9n_16384_128_1_x.c,223,224,219,226,223,301,304,306
s9n_16384_128_1_y.c,225,239,217,277,222,302,324,306
s9n_16384_128_1_z.c,218,218,218,218,226,304,302,303
s9n_16384_128_2_x.c,220,213,220,220,227,306,302,309
s9n_16384_128_2_y.c,215,220,221,225,223,304,328,306
s9n_16384_128_2_z.c,220,220,227,220,223,305,300,305
s9n_16384_128_3_x.c,220,229,217,224,231,304,305,306
s9n_16384_128_3_y.c,221,225,224,227,229,302,323,299
s9n_16384_128_3_z.c,224,238,217,224,231,301,306,306
s9n_16384_128_4_x.c,221,223,219,227,231,311,302,301
s9n_16384_128_4_y.c,219,236,219,225,222,302,310,345
s9n_16384_128_4_z.c,223,219,235,220,224,304,302,298
s9n_16384_16384_0_x.c,321,304,303,301,299,309,300,303
s9n_16384_16384_0_y.c,306,311,304,304,303,303,303,305
s9n_16384_16384_0_z.c,303,303,313,297,302,303,303,306
s9n_16384_16384_1_x.c,299,309,304,308,305,303,304,308
s9n_16384_16384_1_y.c,304,301,302,318,305,305,303,311
s9n_16384_16384_1_z.c,309,302,296,302,308,301,302,304
s9n_16384_16384_2_x.c,310,301,302,306,303,305,305,303
s9n_16384_16384_2_y.c,306,305,305,304,302,303,307,302
s9n_16384_16384_2_z.c,312,305,299,302,303,312,303,299
s9n_16384_16384_3_x.c,304,304,303,302,302,305,303,303
s9n_16384_16384_3_y.c,302,301,302,302,305,302,305,307
s9n_16384_16384_3_z.c,302,304,304,310,305,305,306,304
s9n_16384_16384_4_x.c,303,302,306,299,302,299,304,300
s9n_16384_16384_4_y.c,304,303,302,301,302,305,303,315
s9n_16384_16384_4_z.c,319,304,300,305,303,302,302,306
s9n_16384_2048_0_x.c,306,302,296,296,317,300,296,298
s9n_16384_2048_0_y.c,293,295,300,296,297,295,298,296
s9n_16384_2048_0_z.c,296,292,297,295,305,295,300,296
s9n_16384_2048_1_x.c,300,297,298,295,294,296,297,298
s9n_16384_2048_1_y.c,292,294,288,306,291,300,295,294
s9n_16384_2048_1_z.c,288,294,294,296,295,304,302,299
s9n_16384_2048_2_x.c,296,297,294,295,303,303,297,303
s9n_16384_2048_2_y.c,294,295,293,293,302,298,297,298
s9n_16384_2048_2_z.c,291,292,296,298,294,295,295,295
s9n_16384_2048_3_x.c,295,296,297,295,295,295,297,295
s9n_16384_2048_3_y.c,298,294,294,297,297,294,304,295
s9n_16384_2048_3_z.c,289,293,294,297,295,297,304,299
s9n_16384_2048_4_x.c,302,290,294,292,293,296,293,296
s9n_16384_2048_4_y.c,295,292,299,295,296,296,310,298
s9n_16384_2048_4_z.c,297,297,292,294,295,299,297,298
s9n_16384_256_0_x.c,284,264,261,285,300,319,320,319
s9n_16384_256_0_y.c,264,271,269,273,272,320,331,320
s9n_16384_256_0_z.c,273,274,267,264,264,320,319,316
s9n_16384_256_1_x.c,268,265,265,270,267,321,318,319
s9n_16384_256_1_y.c,271,266,268,271,270,317,330,323
s9n_16384_256_1_z.c,268,266,279,268,290,318,319,317
s9n_16384_256_2_x.c,274,268,271,268,277,313,319,322
s9n_16384_256_2_y.c,267,273,273,263,277,320,319,325
s9n_16384_256_2_z.c,272,271,265,272,282,317,313,316
s9n_16384_256_3_x.c,270,269,273,274,285,319,320,334
s9n_16384_256_3_y.c,272,280,283,271,272,318,311,311
s9n_16384_256_3_z.c,266,271,260,268,271,320,318,319
s9n_16384_256_4_x.c,268,275,276,272,268,328,317,323
s9n_16384_256_4_y.c,268,261,267,267,272,318,328,314
s9n_16384_256_4_z.c,272,268,269,290,268,326,320,313
s9n_16384_4096_0_x.c,296,291,308,302,299,305,311,301
s9n_16384_4096_0_y.c,299,296,300,298,301,294,301,301
s9n_16384_4096_0_z.c,294,298,302,302,295,297,300,310
s9n_16384_4096_1_x.c,300,311,302,298,299,303,302,299
s9n_16384_4096_1_y.c,297,299,298,311,298,299,300,305
s9n_16384_4096_1_z.c,300,303,300,310,295,296,302,299
s9n_16384_4096_2_x.c,301,306,303,302,301,302,302,301
s9n_16384_4096_2_y.c,355,300,303,298,299,300,301,303
s9n_16384_4096_2_z.c,299,303,299,299,295,304,366,300
s9n_16384_4096_3_x.c,300,294,300,299,303,295,300,300
s9n_16384_4096_3_y.c,300,299,302,304,293,303,297,305
s9n_16384_4096_3_z.c,299,297,299,302,305,301,301,300
s9n_16384_4096_4_x.c,300,301,301,299,299,300,302,297
s9n_16384_4096_4_y.c,299,302,301,299,298,302,312,309
s9n_16384_4096_4_z.c,327,333,309,320,300,301,301,313
s9n_16384_512_0_x.c,386,356,367,356,358,492,472,476
s9n_16384_512_0_y.c,364,359,362,360,364,467,483,464
s9n_16384_512_0_z.c,358,356,356,360,369,464,477,484
s9n_16384_512_1_x.c,354,542,356,359,367,475,479,477
s9n_16384_512_1_y.c,364,356,358,356,363,461,484,488
s9n_16384_512_1_z.c,357,359,357,354,405,471,466,479
s9n_16384_512_2_x.c,361,357,369,358,361,476,480,477
s9n_16384_512_2_y.c,360,353,358,356,364,482,472,484
s9n_16384_512_2_z.c,359,359,355,359,362,476,481,477
s9n_16384_512_3_x.c,365,361,361,355,364,477,488,467
s9n_16384_512_3_y.c,369,352,424,355,368,480,481,482
s9n_16384_512_3_z.c,399,367,360,355,365,489,462,469
s9n_16384_512_4_x.c,364,358,359,359,364,474,485,471
s9n_16384_512_4_y.c,362,369,371,384,363,474,466,475
s9n_16384_512_4_z.c,365,360,358,357,367,466,477,487
s9n_16384_64_0_x.c,204,171,171,182,181,287,288,292
s9n_16384_64_0_y.c,167,168,173,173,301,319,292,294
s9n_16384_64_0_z.c,176,170,170,175,175,310,289,295
s9n_16384_64_1_x.c,169,169,168,177,181,297,338,298
s9n_16384_64_1_y.c,177,176,171,194,174,294,295,289
s9n_16384_64_1_z.c,169,165,171,173,174,298,291,292
s9n_16384_64_2_x.c,178,168,167,177,173,292,292,302
s9n_16384_64_2_y.c,166,169,168,175,169,300,291,330
s9n_16384_64_2_z.c,187,168,167,175,170,294,284,293
s9n_16384_64_3_x.c,172,165,172,172,174,291,293,289
s9n_16384_64_3_y.c,166,168,167,175,201,291,294,294
s9n_16384_64_3_z.c,167,171,168,171,167,294,291,310
s9n_16384_64_4_x.c,170,167,171,174,172,291,306,293
s9n_16384_64_4_y.c,169,169,174,179,176,294,300,291
s9n_16384_64_4_z.c,178,169,173,172,174,291,291,290
s9n_16384_8192_0_x.c,305,316,311,303,297,300,305,302
s9n_16384_8192_0_y.c,301,305,307,302,301,308,302,302
s9n_16384_8192_0_z.c,300,300,304,300,311,293,294,300
s9n_16384_8192_1_x.c,304,302,300,302,303,311,296,318
s9n_16384_8192_1_y.c,315,316,319,312,314,302,306,301
s9n_16384_8192_1_z.c,304,315,306,311,301,304,310,303
s9n_16384_8192_2_x.c,304,300,303,295,302,309,303,309
s9n_16384_8192_2_y.c,301,304,313,312,309,299,308,301
s9n_16384_8192_2_z.c,300,302,301,301,304,306,352,302
s9n_16384_8192_3_x.c,300,301,302,300,304,300,298,310
s9n_16384_8192_3_y.c,305,302,305,304,308,304,309,295
s9n_16384_8192_3_z.c,303,295,304,306,301,304,298,299
s9n_16384_8192_4_x.c,300,300,299,300,301,305,298,303
s9n_16384_8192_4_y.c,304,302,300,304,303,305,302,324
s9n_16384_8192_4_z.c,304,305,304,322,304,301,313,477
s9n_2048_1024_0_x.c,504,357,497,379,347,265,470,284
s9n_2048_1024_0_y.c,221,208,225,210,210,252,270,255
s9n_2048_1024_0_z.c,211,214,216,213,216,258,289,255
s9n_2048_1024_1_x.c,218,218,216,219,213,270,265,249
s9n_2048_1024_1_y.c,212,224,216,211,212,267,264,267
s9n_2048_1024_1_z.c,226,212,208,212,217,285,263,269
s9n_2048_1024_2_x.c,212,216,213,213,215,255,250,252
s9n_2048_1024_2_y.c,214,211,214,213,213,256,269,269
s9n_2048_1024_2_z.c,228,217,218,237,215,251,270,254
s9n_2048_1024_3_x.c,212,205,226,211,218,270,294,258
s9n_2048_1024_3_y.c,219,225,214,215,216,253,290,264
s9n_2048_1024_3_z.c,232,215,209,220,208,275,248,264
s9n_2048_1024_4_x.c,231,215,240,223,229,269,257,295
s9n_2048_1024_4_y.c,225,265,258,222,222,268,274,263
s9n_2048_1024_4_z.c,255,243,241,241,247,332,263,291
s9n_2048_128_0_x.c,179,178,174,181,187,283,301,314
s9n_2048_128_0_y.c,185,175,177,188,182,299,297,303
s9n_2048_128_0_z.c,208,186,178,190,190,291,296,289
s9n_2048_128_1_x.c,177,176,172,182,198,292,291,297
s9n_2048_128_1_y.c,184,196,217,189,217,290,294,283
s9n_2048_128_1_z.c,176,199,168,183,178,295,286,290
s9n_2048_128_2_x.c,188,178,176,192,190,284,304,296
s9n_2048_128_2_y.c,214,198,174,191,180,292,302,292
s9n_2048_128_2_z.c,177,185,181,193,213,302,383,353
s9n_2048_128_3_x.c,189,194,198,202,206,285,286,280
s9n_2048_128_3_y.c,171,171,172,184,180,299,295,300
s9n_2048_128_3_z.c,185,180,174,183,181,287,294,304
s9n_2048_128_4_x.c,175,176,174,186,190,290,289,287
s9n_2048_128_4_y.c,174,187,177,185,188,299,288,308
s9n_2048_128_4_z.c,175,184,186,176,174,312,299,315
s9n_2048_16384_0_x.c,339,352,316,324,342,337,357,327
s9n_2048_16384_0_y.c,349,336,345,325,337,331,318,330
s9n_2048_16384_0_z.c,357,343,344,341,359,294,292,297
s9n_2048_16384_1_x.c,305,299,299,311,319,307,296,298
s9n_2048_16384_1_y.c,295,297,294,296,295,296,299,294
s9n_2048_16384_1_z.c,294,355,297,300,300,298,293,294
s9n_2048_16384_2_x.c,301,290,286,292,297,294,294,297
s9n_2048_16384_2_y.c,292,296,292,295,295,308,299,296
s9n_2048_16384_2_z.c,296,295,296,296,297,311,295,299
s9n_2048_16384_3_x.c,296,296,299,296,302,295,298,297
s9n_2048_16384_3_y.c,295,295,294,296,295,297,310,296
s9n_2048_16384_3_z.c,296,299,295,295,294,299,297,296
s9n_2048_16384_4_x.c,294,299,298,294,297,298,296,301
s9n_2048_16384_4_y.c,298,294,313,305,308,296,297,299
s9n_2048_16384_4_z.c,294,299,298,295,293,297,295,296
s9n_2048_2048_0_x.c,245,242,245,244,253,245,251,267
s9n_2048_2048_0_y.c,258,320,323,297,250,257,261,247
s9n_2048_2048_0_z.c,243,256,247,247,244,252,279,256
s9n_2048_2048_1_x.c,278,253,246,279,286,256,313,252
s9n_2048_2048_1_y.c,252,251,253,249,273,263,324,257
s9n_2048_2048_1_z.c,254,249,253,279,247,285,266,291
s9n_2048_2048_2_x.c,287,290,286,280,287,241,242,239
s9n_2048_2048_2_y.c,245,240,238,239,244,249,243,245
s9n_2048_2048_2_z.c,244,240,248,253,241,291,239,241
s9n_2048_2048_3_x.c,238,235,239,239,241,242,256,280
s9n_2048_2048_3_y.c,282,279,283,298,257,245,246,254
s9n_2048_2048_3_z.c,252,256,237,241,242,260,250,246
s9n_2048_2048_4_x.c,241,236,238,246,237,242,242,251
s9n_2048_2048_4_y.c,238,235,244,240,251,244,253,257
s9n_2048_2048_4_z.c,247,240,236,240,268,244,262,246
s9n_2048_256_0_x.c,171,172,170,174,173,268,288,302
s9n_2048_256_0_y.c,188,173,177,191,194,317,268,292
s9n_2048_256_0_z.c,193,181,181,184,184,291,282,302
s9n_2048_256_1_x.c,187,176,176,184,187,299,286,272
s9n_2048_256_1_y.c,174,168,168,176,187,266,294,290
s9n_2048_256_1_z.c,188,181,180,181,183,274,270,275
s9n_2048_256_2_x.c,171,177,168,174,171,268,270,286
s9n_2048_256_2_y.c,170,171,171,171,172,272,295,291
s9n_2048_256_2_z.c,177,169,177,175,179,269,288,266
s9n_2048_256_3_x.c,171,170,168,174,175,269,280,274
s9n_2048_256_3_y.c,177,173,172,176,181,273,294,303
s9n_2048_256_3_z.c,186,185,181,189,193,317,284,299
s9n_2048_256_4_x.c,182,188,181,194,190,289,276,272
s9n_2048_256_4_y.c,176,173,168,174,179,271,274,289
s9n_2048_256_4_z.c,188,182,185,191,188,299,287,299
s9n_2048_4096_0_x.c,319,306,320,297,295,303,306,290
