s16_256_128_2_0.c,774,1060,1054,929,854,787
s16_256_128_2_1.c,773,1070,1056,927,834,792
s16_256_128_2_2.c,762,1060,1047,937,848,844
s16_256_128_2_3.c,768,1087,1052,925,831,792
s16_256_128_2_4.c,767,1069,1065,937,841,790
s16_256_128_2_5.c,762,1060,1066,923,832,790
s16_256_128_4_0.c,762,1061,1048,938,832,798
s16_256_128_4_1.c,768,1060,1056,954,845,787
s16_256_128_4_2.c,761,1059,1065,981,841,802
s16_256_128_4_3.c,771,1068,1063,987,834,795
s16_256_128_4_4.c,772,1068,1047,944,828,804
s16_256_128_4_5.c,762,1060,1055,991,828,802
s16_256_128_8_0.c,761,1077,1070,918,837,801
s16_256_128_8_1.c,761,1071,1050,921,844,798
s16_256_128_8_2.c,761,1071,1055,934,829,794
s16_256_128_8_3.c,772,1069,1057,941,848,794
s16_256_128_8_4.c,773,1065,1057,928,844,790
s16_256_128_8_5.c,776,1075,1059,934,839,794
s16_256_16384_2_0.c,754,1059,1052,904,824,786
s16_256_16384_2_1.c,751,1049,1069,907,834,790
s16_256_16384_2_2.c,760,1054,1065,916,831,786
s16_256_16384_2_3.c,755,1052,1061,913,840,797
s16_256_16384_2_4.c,755,1062,1051,903,836,788
s16_256_16384_2_5.c,751,1048,1061,913,828,788
s16_256_16384_4_0.c,754,1087,1073,915,827,792
s16_256_16384_4_1.c,754,1055,1059,903,827,795
s16_256_16384_4_2.c,754,1068,1067,904,825,800
s16_256_16384_4_3.c,754,1058,1060,906,827,790
s16_256_16384_4_4.c,753,1064,1052,903,824,785
s16_256_16384_4_5.c,764,1056,1066,905,831,792
s16_256_16384_8_0.c,755,1058,1059,909,826,796
s16_256_16384_8_1.c,754,1064,1064,908,825,786
s16_256_16384_8_2.c,766,1050,1053,908,834,786
s16_256_16384_8_3.c,768,1059,1051,908,826,786
s16_256_16384_8_4.c,769,1059,1051,917,825,788
s16_256_16384_8_5.c,755,1060,1055,907,834,785
s16_256_2048_2_0.c,750,1047,1062,903,837,791
s16_256_2048_2_1.c,767,1049,1048,907,832,793
s16_256_2048_2_2.c,764,1053,1048,902,830,785
s16_256_2048_2_3.c,755,1058,1059,911,827,787
s16_256_2048_2_4.c,758,1046,1069,915,824,785
s16_256_2048_2_5.c,753,1067,1048,902,825,789
s16_256_2048_4_0.c,762,1052,1055,902,846,791
s16_256_2048_4_1.c,763,1047,1048,918,836,794
s16_256_2048_4_2.c,764,1047,1048,904,838,786
s16_256_2048_4_3.c,750,1056,1059,906,847,799
s16_256_2048_4_4.c,749,1048,1050,905,828,790
s16_256_2048_4_5.c,758,1065,1066,921,827,791
s16_256_2048_8_0.c,763,1049,1048,916,827,794
s16_256_2048_8_1.c,765,1058,1064,903,837,797
s16_256_2048_8_2.c,767,1048,1047,918,845,801
s16_256_2048_8_3.c,764,1055,1048,906,834,787
s16_256_2048_8_4.c,749,1061,1049,920,831,791
s16_256_2048_8_5.c,749,1060,1048,912,826,791
s16_256_256_2_0.c,756,1062,1068,928,846,788
s16_256_256_2_1.c,763,1060,1068,933,834,794
s16_256_256_2_2.c,784,1072,1087,940,833,796
s16_256_256_2_3.c,776,1097,1086,932,845,815
s16_256_256_2_4.c,756,1063,1129,936,840,789
s16_256_256_2_5.c,772,1068,1062,921,831,785
s16_256_256_4_0.c,757,1072,1070,945,830,793
s16_256_256_4_1.c,757,1053,1068,941,829,801
s16_256_256_4_2.c,759,1064,1079,937,832,796
s16_256_256_4_3.c,757,1052,1063,945,827,791
s16_256_256_4_4.c,757,1061,1080,927,829,786
s16_256_256_4_5.c,757,1056,1063,941,832,802
s16_256_256_8_0.c,769,1070,1080,957,830,793
s16_256_256_8_1.c,767,1070,1061,924,844,802
s16_256_256_8_2.c,766,1057,1080,938,849,801
s16_256_256_8_3.c,763,1057,1066,934,832,803
s16_256_256_8_4.c,767,1054,1073,929,828,787
s16_256_256_8_5.c,759,1058,1062,934,829,802
s16_256_4096_2_0.c,750,1060,1051,912,828,794
s16_256_4096_2_1.c,750,1048,1059,920,834,790
s16_256_4096_2_2.c,750,1048,1067,904,825,791
s16_256_4096_2_3.c,759,1049,1050,902,830,804
s16_256_4096_2_4.c,750,1060,1061,919,840,787
s16_256_4096_2_5.c,749,1049,1057,922,824,791
s16_256_4096_4_0.c,751,1053,1066,906,834,788
s16_256_4096_4_1.c,752,1058,1076,906,825,791
s16_256_4096_4_2.c,765,1066,1050,917,828,802
s16_256_4096_4_3.c,759,1048,1051,914,825,787
s16_256_4096_4_4.c,750,1050,1050,921,828,802
s16_256_4096_4_5.c,769,1120,1064,908,832,803
s16_256_4096_8_0.c,752,1048,1065,907,828,790
s16_256_4096_8_1.c,768,1065,1061,919,827,788
s16_256_4096_8_2.c,765,1059,1058,909,831,788
s16_256_4096_8_3.c,751,1058,1058,905,838,788
s16_256_4096_8_4.c,751,1054,1052,924,840,791
s16_256_4096_8_5.c,756,1062,1060,907,829,791
s16_256_512_2_0.c,752,1070,1083,915,839,790
s16_256_512_2_1.c,756,1056,1065,917,836,794
s16_256_512_2_2.c,752,1049,1053,924,833,794
s16_256_512_2_3.c,765,1060,1063,930,850,803
s16_256_512_2_4.c,753,1061,1068,925,853,814
s16_256_512_2_5.c,751,1072,1068,925,834,801
s16_256_512_4_0.c,769,1076,1066,930,850,801
s16_256_512_4_1.c,752,1062,1070,929,837,786
s16_256_512_4_2.c,752,1061,1059,958,846,795
s16_256_512_4_3.c,762,1072,1071,924,846,815
s16_256_512_4_4.c,765,1070,1070,936,853,801
s16_256_512_4_5.c,757,1067,1112,916,839,765
s16_256_512_8_0.c,728,1028,1013,927,808,764
s16_256_512_8_1.c,759,1010,1040,906,812,763
s16_256_512_8_2.c,726,1017,1036,920,828,786
s16_256_512_8_3.c,756,1040,1019,881,810,762
s16_256_512_8_4.c,743,1034,1020,894,807,785
s16_256_512_8_5.c,744,1027,1029,912,820,759
s16_256_64_2_0.c,768,1063,1009,892,821,763
s16_256_64_2_1.c,767,1049,1023,892,800,764
s16_256_64_2_2.c,773,1062,1035,891,801,763
s16_256_64_2_3.c,776,1062,1027,886,794,761
s16_256_64_2_4.c,762,1048,1022,867,793,782
s16_256_64_2_5.c,751,1043,1024,894,792,761
s16_256_64_4_0.c,771,1063,1026,896,826,768
s16_256_64_4_1.c,751,1042,1024,886,828,760
s16_256_64_4_2.c,764,1067,1012,879,826,766
s16_256_64_4_3.c,775,1039,1033,930,832,762
s16_256_64_4_4.c,749,1035,1021,894,800,766
s16_256_64_4_5.c,747,1054,1018,896,804,768
s16_256_64_8_0.c,765,1054,1019,891,827,790
s16_256_64_8_1.c,743,1058,1017,862,801,789
s16_256_64_8_2.c,765,1065,1011,937,830,789
s16_256_64_8_3.c,764,1068,1039,920,802,790
s16_256_64_8_4.c,752,1062,1034,935,830,822
s16_256_64_8_5.c,776,1066,1035,876,809,795
s16_256_8192_2_0.c,744,1011,1032,873,792,760
s16_256_8192_2_1.c,745,1012,1039,875,812,784
s16_256_8192_2_2.c,727,1032,1012,870,812,761
s16_256_8192_2_3.c,752,1009,1016,876,818,759
s16_256_8192_2_4.c,739,1035,1031,868,798,765
s16_256_8192_2_5.c,722,1009,1027,899,796,779
s16_256_8192_4_0.c,744,1015,1036,886,815,759
s16_256_8192_4_1.c,728,1014,1014,874,801,761
s16_256_8192_4_2.c,740,1014,1026,876,825,755
s16_256_8192_4_3.c,742,1044,1026,892,817,758
s16_256_8192_4_4.c,733,1019,1043,869,793,774
s16_256_8192_4_5.c,724,1043,1011,897,797,759
s16_256_8192_8_0.c,754,1011,1012,874,797,763
s16_256_8192_8_1.c,748,1027,1014,894,794,778
s16_256_8192_8_2.c,726,1023,1023,876,813,759
s16_256_8192_8_3.c,742,1038,1021,872,826,760
s16_256_8192_8_4.c,754,1025,1016,883,793,761
s16_256_8192_8_5.c,756,1036,1017,902,798,761
s16_4096_1024_2_0.c,746,1015,1021,888,799,764
s16_4096_1024_2_1.c,730,1022,1020,897,827,782
s16_4096_1024_2_2.c,726,1033,1022,906,823,774
s16_4096_1024_2_3.c,727,1043,1047,880,797,762
s16_4096_1024_2_4.c,750,1015,1037,887,816,772
s16_4096_1024_2_5.c,759,1062,1056,874,821,763
s16_4096_1024_4_0.c,750,1017,1046,884,806,760
s16_4096_1024_4_1.c,729,1020,1047,905,822,775
s16_4096_1024_4_2.c,732,1023,1033,900,822,761
s16_4096_1024_4_3.c,759,1022,1041,897,818,777
s16_4096_1024_4_4.c,754,1021,1028,908,800,784
s16_4096_1024_4_5.c,784,1103,1084,909,808,775
s16_4096_1024_8_0.c,733,1034,1045,903,800,762
s16_4096_1024_8_1.c,757,1023,1012,886,815,779
s16_4096_1024_8_2.c,733,1033,1023,905,816,784
s16_4096_1024_8_3.c,733,1015,1043,900,813,777
s16_4096_1024_8_4.c,730,1041,1031,909,823,774
s16_4096_1024_8_5.c,743,1029,1037,902,814,774
s16_4096_128_2_0.c,753,1045,1011,875,802,772
s16_4096_128_2_1.c,732,1025,1006,870,819,785
s16_4096_128_2_2.c,765,1022,1010,871,802,759
s16_4096_128_2_3.c,760,1035,1004,897,828,777
s16_4096_128_2_4.c,748,1025,1024,901,821,785
s16_4096_128_2_5.c,749,1037,1011,874,814,773
s16_4096_128_4_0.c,738,1026,1030,892,812,761
s16_4096_128_4_1.c,732,1021,1023,894,819,764
s16_4096_128_4_2.c,763,1054,1037,895,802,774
s16_4096_128_4_3.c,736,1054,1006,872,810,782
s16_4096_128_4_4.c,753,1038,1014,872,818,788
s16_4096_128_4_5.c,761,1077,1054,909,833,799
s16_4096_128_8_0.c,774,1081,1094,929,825,801
s16_4096_128_8_1.c,764,1074,1049,918,840,812
s16_4096_128_8_2.c,775,1077,1070,915,830,801
s16_4096_128_8_3.c,782,1075,1052,924,843,808
s16_4096_128_8_4.c,766,1072,1058,913,825,796
s16_4096_128_8_5.c,775,1059,1056,919,833,787
s16_4096_16384_2_0.c,755,1054,1063,926,828,789
s16_4096_16384_2_1.c,763,1061,1068,921,836,793
s16_4096_16384_2_2.c,758,1050,1070,918,843,789
s16_4096_16384_2_3.c,763,1055,1090,919,833,757
s16_4096_16384_2_4.c,728,1019,1029,890,799,766
s16_4096_16384_2_5.c,740,1024,1024,885,812,763
s16_4096_16384_4_0.c,745,1015,1019,883,794,760
s16_4096_16384_4_1.c,733,1028,1020,881,793,758
s16_4096_16384_4_2.c,747,1019,1026,875,804,755
s16_4096_16384_4_3.c,731,1021,1024,882,798,763
s16_4096_16384_4_4.c,742,1019,1027,886,801,764
s16_4096_16384_4_5.c,735,1023,1029,880,799,763
s16_4096_16384_8_0.c,734,1016,1052,915,836,789
s16_4096_16384_8_1.c,763,1018,1029,881,807,813
s16_4096_16384_8_2.c,762,1061,1028,880,802,777
s16_4096_16384_8_3.c,793,1054,1068,909,830,787
s16_4096_16384_8_4.c,761,1052,1063,908,829,786
s16_4096_16384_8_5.c,760,1052,1061,910,829,787
s16_4096_2048_2_0.c,756,1052,1057,910,827,787
s16_4096_2048_2_1.c,755,1051,1057,918,827,793
s16_4096_2048_2_2.c,755,1066,1065,908,828,789
s16_4096_2048_2_3.c,754,1059,1064,921,828,794
s16_4096_2048_2_4.c,754,1051,1056,906,833,796
s16_4096_2048_2_5.c,755,1051,1066,919,826,796
s16_4096_2048_4_0.c,765,1054,1063,923,827,787
s16_4096_2048_4_1.c,764,1054,1065,913,831,786
s16_4096_2048_4_2.c,763,1059,1068,922,825,794
s16_4096_2048_4_3.c,762,1053,1064,913,827,788
s16_4096_2048_4_4.c,769,1063,1063,911,836,795
s16_4096_2048_4_5.c,770,1063,1058,914,833,796
s16_4096_2048_8_0.c,757,1057,1066,910,836,787
s16_4096_2048_8_1.c,766,1050,1060,910,835,786
s16_4096_2048_8_2.c,764,1057,1066,924,827,787
s16_4096_2048_8_3.c,764,1057,1064,910,836,786
s16_4096_2048_8_4.c,756,1059,1061,919,835,787
s16_4096_2048_8_5.c,764,1060,1057,911,827,787
s16_4096_256_2_0.c,770,1060,1077,914,827,788
s16_4096_256_2_1.c,755,1061,1070,913,835,796
s16_4096_256_2_2.c,762,1068,1063,920,842,798
s16_4096_256_2_3.c,758,1061,1073,917,836,784
s16_4096_256_2_4.c,760,1053,1078,927,834,796
s16_4096_256_2_5.c,761,1052,1076,922,833,797
s16_4096_256_4_0.c,757,1066,1070,921,830,785
s16_4096_256_4_1.c,771,1065,1062,920,837,791
s16_4096_256_4_2.c,757,1057,1069,927,830,802
s16_4096_256_4_3.c,769,1062,1069,916,832,789
s16_4096_256_4_4.c,767,1056,1070,916,828,790
s16_4096_256_4_5.c,757,1061,1069,914,829,787
s16_4096_256_8_0.c,763,1060,1066,917,831,793
s16_4096_256_8_1.c,758,1069,1073,930,828,790
s16_4096_256_8_2.c,771,1065,1069,925,829,801
s16_4096_256_8_3.c,770,1056,1071,929,828,799
s16_4096_256_8_4.c,767,1066,1079,918,838,789
s16_4096_256_8_5.c,766,1065,1068,931,834,790
s16_4096_4096_2_0.c,764,1052,1059,910,832,797
s16_4096_4096_2_1.c,765,1061,1061,909,826,794
s16_4096_4096_2_2.c,763,1060,1060,917,828,789
s16_4096_4096_2_3.c,768,1059,1059,915,826,793
s16_4096_4096_2_4.c,756,1052,1065,910,837,787
s16_4096_4096_2_5.c,755,1052,1067,910,826,795
s16_4096_4096_4_0.c,757,1057,1061,912,826,795
s16_4096_4096_4_1.c,764,1059,1066,920,827,787
s16_4096_4096_4_2.c,757,1059,1066,911,825,787
s16_4096_4096_4_3.c,767,1054,1068,923,833,786
s16_4096_4096_4_4.c,764,1060,1063,912,833,787
s16_4096_4096_4_5.c,756,1060,1059,910,833,786
s16_4096_4096_8_0.c,767,1050,1059,908,835,787
s16_4096_4096_8_1.c,769,1050,1068,909,837,787
s16_4096_4096_8_2.c,757,1060,1062,910,835,795
s16_4096_4096_8_3.c,768,1050,1059,910,836,795
s16_4096_4096_8_4.c,765,1051,1066,910,828,788
s16_4096_4096_8_5.c,758,1059,1066,910,827,795
s16_4096_512_2_0.c,762,1058,1056,918,835,785
s16_4096_512_2_1.c,766,1055,1055,926,844,792
s16_4096_512_2_2.c,763,1059,1056,916,830,796
s16_4096_512_2_3.c,756,1050,1056,918,844,800
s16_4096_512_2_4.c,756,1050,1056,916,840,784
s16_4096_512_2_5.c,754,1075,1055,915,834,785
s16_4096_512_4_0.c,755,1051,1059,931,843,799
s16_4096_512_4_1.c,754,1065,1057,918,834,798
s16_4096_512_4_2.c,754,1067,1065,919,838,788
s16_4096_512_4_3.c,769,1050,1057,930,849,792
s16_4096_512_4_4.c,759,1060,1056,918,846,799
s16_4096_512_4_5.c,759,1064,1066,932,841,789
s16_4096_512_8_0.c,765,1050,1058,930,848,789
s16_4096_512_8_1.c,764,1066,1055,929,833,788
s16_4096_512_8_2.c,756,1050,1065,924,832,791
s16_4096_512_8_3.c,768,1050,1056,919,847,800
s16_4096_512_8_4.c,755,1057,1055,917,848,799
s16_4096_512_8_5.c,755,1053,1057,920,831,802
s16_4096_64_2_0.c,784,1074,1057,906,828,790
s16_4096_64_2_1.c,780,1073,1051,911,827,801
s16_4096_64_2_2.c,778,1074,1047,898,826,801
s16_4096_64_2_3.c,783,1073,1046,899,827,800
s16_4096_64_2_4.c,784,1073,1053,910,828,797
s16_4096_64_2_5.c,791,1073,1051,898,828,795
s16_4096_64_4_0.c,775,1085,1053,897,827,792
s16_4096_64_4_1.c,775,1083,1050,905,826,792
s16_4096_64_4_2.c,782,1078,1062,910,828,792
s16_4096_64_4_3.c,775,1092,1054,897,826,792
s16_4096_64_4_4.c,774,1083,1045,919,832,794
s16_4096_64_4_5.c,782,1073,1046,898,832,788
s16_4096_64_8_0.c,775,1088,1056,911,828,798
s16_4096_64_8_1.c,781,1073,1057,905,828,798
s16_4096_64_8_2.c,774,1088,1059,898,826,795
s16_4096_64_8_3.c,775,1074,1046,902,834,806
s16_4096_64_8_4.c,774,1081,1061,902,829,798
s16_4096_64_8_5.c,783,1086,1045,910,836,792
s16_4096_8192_2_0.c,765,1059,1060,910,825,788
s16_4096_8192_2_1.c,763,1058,1066,909,827,788
s16_4096_8192_2_2.c,761,1058,1068,917,833,787
s16_4096_8192_2_3.c,768,1059,1075,931,826,794
s16_4096_8192_2_4.c,761,1062,1067,917,833,787
s16_4096_8192_2_5.c,758,1061,1068,905,827,793
s16_4096_8192_4_0.c,763,1061,1059,911,830,794
s16_4096_8192_4_1.c,758,1053,1071,919,825,787
s16_4096_8192_4_2.c,766,1055,1070,910,825,785
s16_4096_8192_4_3.c,767,1060,1060,912,832,795
s16_4096_8192_4_4.c,756,1063,1064,912,833,794
s16_4096_8192_4_5.c,766,1054,1067,919,825,786
s16_4096_8192_8_0.c,764,1052,1064,917,828,789
s16_4096_8192_8_1.c,756,1055,1059,914,827,786
s16_4096_8192_8_2.c,770,1051,1059,907,826,789
s16_4096_8192_8_3.c,764,1056,1067,916,833,785
s16_4096_8192_8_4.c,761,1050,1062,915,836,790
s16_4096_8192_8_5.c,757,1058,1063,916,828,786
s16_512_1024_2_0.c,760,1060,1050,917,827,792
s16_512_1024_2_1.c,754,1057,1049,909,826,790
s16_512_1024_2_2.c,749,1047,1058,904,825,795
s16_512_1024_2_3.c,763,1060,1067,919,835,785
s16_512_1024_2_4.c,765,1064,1060,918,826,789
s16_512_1024_2_5.c,757,1064,1060,926,831,792
s16_512_1024_4_0.c,749,1047,1049,905,840,790
s16_512_1024_4_1.c,750,1047,1059,905,829,789
s16_512_1024_4_2.c,759,1053,1062,907,829,796
s16_512_1024_4_3.c,750,1061,1059,912,830,790
s16_512_1024_4_4.c,759,1048,1050,917,834,789
s16_512_1024_4_5.c,758,1055,1059,911,833,787
s16_512_1024_8_0.c,757,1057,1063,919,840,798
s16_512_1024_8_1.c,749,1053,1060,908,834,800
s16_512_1024_8_2.c,757,1062,1049,909,828,798
s16_512_1024_8_3.c,761,1055,1060,906,830,791
s16_512_1024_8_4.c,759,1049,1063,911,846,787
s16_512_1024_8_5.c,750,1066,1051,907,832,797
s16_512_128_2_0.c,770,1060,1067,914,839,785
s16_512_128_2_1.c,771,1060,1049,923,838,793
s16_512_128_2_2.c,761,1060,1047,921,830,790
s16_512_128_2_3.c,777,1068,1064,909,832,786
s16_512_128_2_4.c,764,1075,1049,921,852,792
s16_512_128_2_5.c,780,1071,1056,908,832,794
s16_512_128_4_0.c,763,1070,1048,920,838,798
s16_512_128_4_1.c,763,1066,1056,911,838,800
s16_512_128_4_2.c,772,1062,1060,913,841,798
s16_512_128_4_3.c,772,1080,1056,927,828,800
s16_512_128_4_4.c,771,1068,1061,911,832,795
s16_512_128_4_5.c,761,1068,1064,911,841,791
s16_512_128_8_0.c,763,1062,1061,912,837,800
s16_512_128_8_1.c,770,1064,1064,909,827,789
s16_512_128_8_2.c,776,1064,1048,926,832,780
s16_512_128_8_3.c,746,1054,1037,888,831,790
s16_512_128_8_4.c,768,1100,1054,920,843,805
s16_512_128_8_5.c,762,1073,1048,917,827,789
s16_512_16384_2_0.c,763,1059,1056,907,825,787
s16_512_16384_2_1.c,771,1057,1067,909,827,798
s16_512_16384_2_2.c,771,1062,1070,915,839,796
s16_512_16384_2_3.c,770,1062,1067,906,837,786
s16_512_16384_2_4.c,757,1058,1063,905,829,787
s16_512_16384_2_5.c,763,1049,1063,910,833,788
s16_512_16384_4_0.c,756,1054,1055,925,824,786
s16_512_16384_4_1.c,766,1055,1055,920,824,797
s16_512_16384_4_2.c,759,1054,1056,933,825,786
s16_512_16384_4_3.c,757,1060,1058,911,826,793
s16_512_16384_4_4.c,765,1060,1059,920,825,786
s16_512_16384_4_5.c,763,1060,1064,910,827,785
s16_512_16384_8_0.c,756,1058,1066,908,833,786
s16_512_16384_8_1.c,767,1061,1063,914,832,792
s16_512_16384_8_2.c,769,1050,1055,907,835,785
s16_512_16384_8_3.c,761,1053,1066,913,827,795
s16_512_16384_8_4.c,756,1061,1055,891,799,754
s16_512_16384_8_5.c,754,1028,1040,875,797,775
s16_512_2048_2_0.c,729,1034,1013,877,822,762
s16_512_2048_2_1.c,728,1008,1032,909,814,761
s16_512_2048_2_2.c,729,1017,1036,901,822,765
s16_512_2048_2_3.c,752,1019,1046,871,797,775
s16_512_2048_2_4.c,758,1035,1038,868,817,787
s16_512_2048_2_5.c,745,1015,1034,871,801,778
s16_512_2048_4_0.c,727,1030,1015,878,811,765
s16_512_2048_4_1.c,729,1010,1029,903,806,762
s16_512_2048_4_2.c,723,1026,1027,885,804,763
s16_512_2048_4_3.c,748,1034,1014,901,802,779
s16_512_2048_4_4.c,742,1013,1038,896,801,763
s16_512_2048_4_5.c,758,1047,1047,872,801,757
s16_512_2048_8_0.c,753,1042,1052,887,820,762
s16_512_2048_8_1.c,761,1040,1013,870,799,759
s16_512_2048_8_2.c,726,1032,1021,878,805,772
s16_512_2048_8_3.c,727,1034,1037,879,821,785
s16_512_2048_8_4.c,747,1013,1035,868,800,762
s16_512_2048_8_5.c,753,1007,1020,887,817,792
s16_512_256_2_0.c,734,1013,1052,885,824,762
s16_512_256_2_1.c,745,1028,1045,881,802,783
s16_512_256_2_2.c,734,1030,1050,904,805,781
s16_512_256_2_3.c,728,1029,1030,881,809,780
s16_512_256_2_4.c,734,1024,1044,878,799,764
s16_512_256_2_5.c,735,1043,1039,896,819,758
s16_512_256_4_0.c,748,1037,1035,911,815,788
s16_512_256_4_1.c,732,1018,1049,886,807,789
s16_512_256_4_2.c,762,1048,1048,886,817,764
s16_512_256_4_3.c,731,1015,1046,906,802,781
s16_512_256_4_4.c,765,1023,1055,911,833,798
s16_512_256_4_5.c,736,1049,1028,889,825,761
s16_512_256_8_0.c,763,1032,1029,882,823,785
s16_512_256_8_1.c,753,1051,1032,881,804,781
s16_512_256_8_2.c,733,1048,1055,913,829,767
s16_512_256_8_3.c,752,1052,1041,912,829,762
s16_512_256_8_4.c,735,1036,1052,910,797,787
s16_512_256_8_5.c,760,1040,1051,882,818,787
s16_512_4096_2_0.c,750,1017,1044,874,807,789
s16_512_4096_2_1.c,742,1042,1024,874,821,762
s16_512_4096_2_2.c,730,1014,1016,877,796,756
s16_512_4096_2_3.c,751,1039,1035,885,825,794
s16_512_4096_2_4.c,751,1019,1038,904,826,781
s16_512_4096_2_5.c,747,1028,1019,874,795,780
s16_512_4096_4_0.c,748,1023,1042,877,828,789
s16_512_4096_4_1.c,747,1040,1037,895,825,786
s16_512_4096_4_2.c,728,1019,1043,901,821,782
s16_512_4096_4_3.c,762,1025,1044,911,832,764
s16_512_4096_4_4.c,750,1039,1037,873,813,762
s16_512_4096_4_5.c,754,1048,1026,876,795,762
s16_512_4096_8_0.c,728,1007,1031,876,798,779
s16_512_4096_8_1.c,752,1018,1037,894,796,779
s16_512_4096_8_2.c,751,1029,1031,898,803,791
s16_512_4096_8_3.c,764,1092,1041,881,801,786
s16_512_4096_8_4.c,748,1053,1022,903,801,761
s16_512_4096_8_5.c,726,1007,1032,900,833,777
s16_512_512_2_0.c,742,1033,1037,907,824,755
s16_512_512_2_1.c,725,1042,1013,964,921,818
s16_512_512_2_2.c,775,1083,1088,973,866,816
s16_512_512_2_3.c,761,1069,1062,882,800,761
s16_512_512_2_4.c,738,1025,1013,876,796,759
s16_512_512_2_5.c,741,1026,1011,883,827,773
s16_512_512_4_0.c,756,1050,1066,883,826,775
s16_512_512_4_1.c,756,1025,1047,884,806,758
s16_512_512_4_2.c,746,1034,1017,886,812,793
s16_512_512_4_3.c,727,1019,1051,913,835,770
s16_512_512_4_4.c,729,1031,1035,904,825,779
s16_512_512_4_5.c,721,1025,1072,916,806,788
s16_512_512_8_0.c,730,1032,1036,906,844,779
s16_512_512_8_1.c,728,1053,1048,896,833,764
s16_512_512_8_2.c,748,1038,1022,905,840,767
s16_512_512_8_3.c,759,1016,1033,885,801,784
s16_512_512_8_4.c,732,1060,1038,882,811,763
s16_512_512_8_5.c,747,1011,1027,908,807,758
s16_512_64_2_0.c,780,1067,1041,876,827,787
s16_512_64_2_1.c,757,1066,1031,868,794,762
s16_512_64_2_2.c,763,1068,1015,872,792,755
s16_512_64_2_3.c,752,1073,1012,898,822,788
s16_512_64_2_4.c,752,1062,1046,877,794,787
s16_512_64_2_5.c,769,1073,1012,887,796,790
s16_512_64_4_0.c,772,1043,1013,900,824,763
s16_512_64_4_1.c,752,1057,1031,897,812,771
s16_512_64_4_2.c,756,1062,1031,896,830,765
s16_512_64_4_3.c,783,1039,1013,900,804,770
s16_512_64_4_4.c,770,1050,1017,872,820,767
s16_512_64_4_5.c,776,1036,1009,870,816,792
s16_512_64_8_0.c,748,1062,1011,890,830,768
s16_512_64_8_1.c,782,1036,1025,899,813,794
s16_512_64_8_2.c,771,1035,1033,896,815,787
s16_512_64_8_3.c,778,1062,1013,869,815,785
s16_512_64_8_4.c,773,1060,1033,887,835,814
s16_512_64_8_5.c,808,1045,1012,867,805,782
s16_512_8192_2_0.c,736,1015,1018,875,800,781
s16_512_8192_2_1.c,730,1014,1024,882,824,785
s16_512_8192_2_2.c,731,1017,1053,875,802,760
s16_512_8192_2_3.c,730,1036,1037,918,799,759
s16_512_8192_2_4.c,722,1008,1011,891,811,768
s16_512_8192_2_5.c,726,1029,1023,895,806,793
s16_512_8192_4_0.c,746,1016,1068,899,816,758
s16_512_8192_4_1.c,762,1016,1037,900,844,782
s16_512_8192_4_2.c,750,1048,1013,877,815,776
s16_512_8192_4_3.c,730,1034,1035,879,808,770
s16_512_8192_4_4.c,744,1041,1035,919,838,776
s16_512_8192_4_5.c,729,1030,1056,893,804,764
s16_512_8192_8_0.c,733,1034,1015,873,798,778
s16_512_8192_8_1.c,729,1027,1039,874,813,752
s16_512_8192_8_2.c,728,1008,1013,875,794,760
s16_512_8192_8_3.c,749,1023,1012,916,824,788
s16_512_8192_8_4.c,782,1061,1048,872,809,776
s16_512_8192_8_5.c,727,1026,1011,894,799,757
s16_64_1024_2_0.c,727,1025,1035,899,797,763
s16_64_1024_2_1.c,723,1025,1014,866,819,776
s16_64_1024_2_2.c,755,1044,1022,890,807,765
s16_64_1024_2_3.c,730,1039,1021,902,805,791
s16_64_1024_2_4.c,727,1019,1032,878,825,771
s16_64_1024_2_5.c,738,1027,1018,876,802,764
s16_64_1024_4_0.c,741,1027,1023,896,803,786
s16_64_1024_4_1.c,722,1009,1045,888,833,780
s16_64_1024_4_2.c,731,1034,1025,890,807,764
s16_64_1024_4_3.c,721,1036,1025,881,803,765
s16_64_1024_4_4.c,721,1008,1023,879,803,771
s16_64_1024_4_5.c,725,1010,1026,917,814,769
s16_64_1024_8_0.c,721,1007,1010,895,800,792
s16_64_1024_8_1.c,755,1024,1030,902,800,773
s16_64_1024_8_2.c,754,1036,1018,893,799,793
s16_64_1024_8_3.c,759,1028,1011,868,798,793
s16_64_1024_8_4.c,722,1029,1033,901,792,777
s16_64_1024_8_5.c,726,1015,1012,895,830,788
s16_64_128_2_0.c,737,1018,1026,869,791,760
s16_64_128_2_1.c,732,1053,1018,863,807,778
s16_64_128_2_2.c,740,1026,1016,877,804,787
s16_64_128_2_3.c,748,1023,1070,896,826,787
s16_64_128_2_4.c,738,1022,1012,868,795,763
s16_64_128_2_5.c,736,1026,1047,868,794,757
s16_64_128_4_0.c,754,1058,1047,869,795,789
s16_64_128_4_1.c,767,1030,1012,875,796,784
s16_64_128_4_2.c,769,1035,1013,900,812,797
s16_64_128_4_3.c,762,1063,1028,875,815,784
s16_64_128_4_4.c,740,1056,1041,887,801,763
s16_64_128_4_5.c,735,1056,1014,899,792,758
s16_64_128_8_0.c,767,1052,1014,870,820,770
s16_64_128_8_1.c,748,1058,1051,891,821,794
s16_64_128_8_2.c,753,1046,1024,872,795,774
s16_64_128_8_3.c,734,1022,1039,872,805,768
s16_64_128_8_4.c,732,1042,1008,881,796,763
s16_64_128_8_5.c,736,1057,1027,883,796,762
s16_64_16384_2_0.c,724,1024,1025,871,794,760
s16_64_16384_2_1.c,748,1026,1034,892,796,759
s16_64_16384_2_2.c,755,1024,1015,872,817,757
s16_64_16384_2_3.c,749,1006,1011,883,810,781
s16_64_16384_2_4.c,755,1036,1027,864,791,755
s16_64_16384_2_5.c,747,1007,1030,874,831,810
s16_64_16384_4_0.c,772,1078,1082,915,836,795
s16_64_16384_4_1.c,770,1071,1074,915,850,800
s16_64_16384_4_2.c,754,1087,1067,911,849,802
s16_64_16384_4_3.c,757,1076,1067,920,834,802
s16_64_16384_4_4.c,759,1069,1087,926,839,797
s16_64_16384_4_5.c,787,1068,1074,924,845,803
s16_64_16384_8_0.c,769,1082,1058,929,866,811
s16_64_16384_8_1.c,773,1083,1067,921,830,792
s16_64_16384_8_2.c,764,1078,1077,931,835,791
s16_64_16384_8_3.c,768,1061,1107,910,837,798
s16_64_16384_8_4.c,782,1060,1072,919,849,818
s16_64_16384_8_5.c,766,1082,1086,919,847,791
s16_64_2048_2_0.c,776,1070,1062,927,829,803
s16_64_2048_2_1.c,767,1079,1071,903,839,803
s16_64_2048_2_2.c,752,1065,1065,906,841,792
s16_64_2048_2_3.c,764,1053,1075,907,836,795
s16_64_2048_2_4.c,801,1052,1061,908,829,794
s16_64_2048_2_5.c,750,1058,1052,902,828,803
s16_64_2048_4_0.c,757,1066,1053,912,817,801
s16_64_2048_4_1.c,754,1057,1073,914,832,800
s16_64_2048_4_2.c,752,1077,1053,923,831,803
s16_64_2048_4_3.c,753,1102,1066,907,834,803
s16_64_2048_4_4.c,753,1052,1101,940,829,808
s16_64_2048_4_5.c,757,1063,1074,916,827,795
s16_64_2048_8_0.c,756,1070,1057,906,828,799
s16_64_2048_8_1.c,760,1088,1065,913,827,793
s16_64_2048_8_2.c,748,1058,1064,924,843,797
s16_64_2048_8_3.c,771,1076,1064,910,832,819
s16_64_2048_8_4.c,761,1085,1067,904,827,812
s16_64_2048_8_5.c,767,1051,1072,937,834,804
s16_64_256_2_0.c,763,1062,1069,905,848,818
s16_64_256_2_1.c,766,1066,1079,911,838,794
s16_64_256_2_2.c,770,1064,1097,902,830,791
s16_64_256_2_3.c,771,1070,1078,904,850,809
s16_64_256_2_4.c,781,1087,1101,930,823,800
s16_64_256_2_5.c,758,1069,1084,914,841,805
s16_64_256_4_0.c,765,1084,1074,917,832,793
s16_64_256_4_1.c,763,1057,1082,942,834,808
s16_64_256_4_2.c,799,1071,1081,917,852,798
s16_64_256_4_3.c,767,1071,1063,907,829,800
s16_64_256_4_4.c,766,1065,1082,922,826,795
s16_64_256_4_5.c,770,1088,1065,908,830,799
s16_64_256_8_0.c,766,1057,1077,903,827,792
s16_64_256_8_1.c,775,1065,1087,931,831,798
s16_64_256_8_2.c,763,1065,1078,907,862,804
s16_64_256_8_3.c,774,1066,1080,923,848,799
s16_64_256_8_4.c,774,1066,1085,914,835,800
s16_64_256_8_5.c,764,1066,1093,940,819,761
s16_64_4096_2_0.c,739,1033,1033,867,808,762
s16_64_4096_2_1.c,738,1006,1029,863,819,769
s16_64_4096_2_2.c,751,1032,1004,869,807,762
s16_64_4096_2_3.c,745,1029,1017,862,791,760
s16_64_4096_2_4.c,724,1022,1006,861,793,784
s16_64_4096_2_5.c,721,1009,1036,891,797,784
s16_64_4096_4_0.c,741,1036,1023,880,806,760
s16_64_4096_4_1.c,721,1036,1005,863,789,760
s16_64_4096_4_2.c,747,1039,1012,890,797,761
s16_64_4096_4_3.c,718,1027,1005,889,834,760
s16_64_4096_4_4.c,745,1009,1014,895,807,761
s16_64_4096_4_5.c,738,1040,1005,862,813,762
s16_64_4096_8_0.c,719,1008,1017,868,814,780
s16_64_4096_8_1.c,740,1030,1028,891,796,783
s16_64_4096_8_2.c,726,1021,1030,887,816,781
s16_64_4096_8_3.c,754,1035,1023,863,796,778
s16_64_4096_8_4.c,722,1007,1033,869,790,780
s16_64_4096_8_5.c,736,1021,1003,889,797,762
s16_64_512_2_0.c,722,1009,1024,874,800,761
s16_64_512_2_1.c,753,1037,1027,875,810,753
s16_64_512_2_2.c,741,1032,1030,900,816,771
s16_64_512_2_3.c,731,1017,1021,877,813,759
s16_64_512_2_4.c,724,1009,1044,872,799,760
s16_64_512_2_5.c,745,1038,1024,878,805,778
s16_64_512_4_0.c,756,1023,1040,876,824,784
s16_64_512_4_1.c,741,1010,1028,883,812,779
s16_64_512_4_2.c,723,1009,1012,907,798,767
s16_64_512_4_3.c,727,1024,1029,883,825,760
s16_64_512_4_4.c,727,1006,1026,878,802,754
s16_64_512_4_5.c,724,1028,1035,883,801,785
s16_64_512_8_0.c,743,1035,1040,873,797,770
s16_64_512_8_1.c,740,1032,1013,884,802,787
s16_64_512_8_2.c,723,1024,1031,881,802,796
s16_64_512_8_3.c,722,1009,1025,876,813,766
s16_64_512_8_4.c,745,1050,1018,903,802,780
s16_64_512_8_5.c,723,1026,1013,904,810,788
s16_64_64_2_0.c,747,1052,1023,871,797,764
s16_64_64_2_1.c,766,1042,1023,886,819,764
s16_64_64_2_2.c,767,1060,1037,871,816,784
s16_64_64_2_3.c,766,1053,1033,864,791,762
s16_64_64_2_4.c,750,1032,1025,867,797,763
s16_64_64_2_5.c,772,1056,1029,891,802,761
s16_64_64_4_0.c,755,1052,1024,862,797,760
s16_64_64_4_1.c,779,1032,1030,877,816,759
s16_64_64_4_2.c,781,1033,1007,862,820,756
s16_64_64_4_3.c,747,1035,1030,888,819,759
s16_64_64_4_4.c,748,1069,1040,868,795,761
s16_64_64_4_5.c,780,1060,1023,885,798,759
s16_64_64_8_0.c,764,1061,1010,861,818,925
s16_64_64_8_1.c,772,1070,1002,887,787,919
s16_64_64_8_2.c,748,1052,1025,870,796,913
s16_64_64_8_3.c,745,1060,1037,862,790,926
s16_64_64_8_4.c,775,1029,1002,857,785,891
s16_64_64_8_5.c,750,1057,1041,859,794,859
s16_64_8192_2_0.c,715,1034,1023,868,813,783
s16_64_8192_2_1.c,736,1012,1023,869,795,769
s16_64_8192_2_2.c,749,1035,1021,867,816,761
s16_64_8192_2_3.c,719,1026,1035,866,817,784
s16_64_8192_2_4.c,738,1026,1032,864,798,761
s16_64_8192_2_5.c,751,1006,1021,880,817,759
s16_64_8192_4_0.c,737,1023,1013,889,805,754
s16_64_8192_4_1.c,752,1002,1003,869,816,756
s16_64_8192_4_2.c,754,1032,1011,862,817,776
s16_64_8192_4_3.c,738,1032,1022,889,790,777
s16_64_8192_4_4.c,725,1007,1011,891,797,761
s16_64_8192_4_5.c,755,1023,1014,863,808,759
s16_64_8192_8_0.c,750,1030,1035,888,796,762
s16_64_8192_8_1.c,755,1031,1023,889,815,761
s16_64_8192_8_2.c,745,1034,1024,887,793,762
s16_64_8192_8_3.c,751,1011,1031,893,789,761
s16_64_8192_8_4.c,743,1029,1025,862,807,759
s16_64_8192_8_5.c,718,1006,1006,888,798,761
s16_8192_1024_2_0.c,744,1014,1021,895,816,776
s16_8192_1024_2_1.c,743,1033,1035,880,796,757
s16_8192_1024_2_2.c,758,1037,1049,875,825,785
s16_8192_1024_2_3.c,748,1034,1033,876,796,757
s16_8192_1024_2_4.c,750,1032,1019,899,814,757
s16_8192_1024_2_5.c,747,1013,1045,876,817,758
s16_8192_1024_4_0.c,748,1034,1035,881,796,782
s16_8192_1024_4_1.c,728,1036,1020,901,817,755
s16_8192_1024_4_2.c,760,1016,1043,882,817,755
s16_8192_1024_4_3.c,743,1034,1019,882,798,755
s16_8192_1024_4_4.c,756,1035,1032,900,797,777
s16_8192_1024_4_5.c,746,1017,1038,881,804,756
s16_8192_1024_8_0.c,756,1023,1042,897,817,776
s16_8192_1024_8_1.c,729,1023,1032,880,812,757
s16_8192_1024_8_2.c,729,1024,1019,880,816,775
s16_8192_1024_8_3.c,728,1031,1019,879,798,771
s16_8192_1024_8_4.c,749,1026,1017,879,799,758
s16_8192_1024_8_5.c,732,1026,1031,897,813,755
s16_8192_128_2_0.c,764,1044,1021,870,823,761
s16_8192_128_2_1.c,757,1050,1038,871,799,775
s16_8192_128_2_2.c,761,1052,1007,899,821,779
s16_8192_128_2_3.c,755,1017,1015,878,812,761
s16_8192_128_2_4.c,733,1040,1025,876,802,770
s16_8192_128_2_5.c,762,1055,1027,893,809,759
s16_8192_128_4_0.c,751,1022,1035,879,792,766
s16_8192_128_4_1.c,763,1037,1027,879,791,760
s16_8192_128_4_2.c,759,1051,1006,877,789,758
s16_8192_128_4_3.c,747,1049,1020,870,807,758
s16_8192_128_4_4.c,728,1040,1015,873,798,762
s16_8192_128_4_5.c,751,1048,1036,892,791,755
s16_8192_128_8_0.c,731,1044,1004,872,798,762
s16_8192_128_8_1.c,732,1023,1021,896,817,782
s16_8192_128_8_2.c,761,1048,1005,878,798,761
s16_8192_128_8_3.c,752,1048,1012,880,792,762
s16_8192_128_8_4.c,752,1025,1033,898,800,755
s16_8192_128_8_5.c,754,1042,1001,873,820,761
s16_8192_16384_2_0.c,729,1011,1018,873,793,756
s16_8192_16384_2_1.c,728,1012,1038,869,793,755
s16_8192_16384_2_2.c,728,1012,1018,875,796,756
s16_8192_16384_2_3.c,742,1009,1017,878,791,758
s16_8192_16384_2_4.c,730,1010,1018,876,795,754
s16_8192_16384_2_5.c,731,1013,1019,872,793,757
s16_8192_16384_4_0.c,729,1013,1018,875,796,756
s16_8192_16384_4_1.c,732,1012,1019,877,788,754
s16_8192_16384_4_2.c,728,1013,1019,874,793,754
s16_8192_16384_4_3.c,735,1022,1021,872,793,755
s16_8192_16384_4_4.c,729,1013,1018,875,793,752
s16_8192_16384_4_5.c,728,1012,1021,876,797,758
s16_8192_16384_8_0.c,727,1006,1018,871,798,754
s16_8192_16384_8_1.c,728,1001,1012,871,794,751
s16_8192_16384_8_2.c,730,1007,1018,870,794,754
s16_8192_16384_8_3.c,729,1008,1032,870,793,757
s16_8192_16384_8_4.c,729,1007,1017,871,795,753
s16_8192_16384_8_5.c,728,1016,1022,868,792,754
s16_8192_2048_2_0.c,727,1024,1036,894,797,757
s16_8192_2048_2_1.c,742,1030,1018,890,824,776
s16_8192_2048_2_2.c,727,1012,1039,873,812,756
s16_8192_2048_2_3.c,727,1032,1042,874,815,756
s16_8192_2048_2_4.c,742,1037,1034,875,800,759
s16_8192_2048_2_5.c,742,1033,1021,894,820,756
s16_8192_2048_4_0.c,743,1013,1020,893,816,776
s16_8192_2048_4_1.c,761,1065,1034,897,805,778
s16_8192_2048_4_2.c,766,1050,1068,911,834,780
s16_8192_2048_4_3.c,763,1022,1042,880,814,772
s16_8192_2048_4_4.c,747,1013,1038,902,795,772
s16_8192_2048_4_5.c,747,1027,1031,877,812,773
s16_8192_2048_8_0.c,727,1009,1032,875,797,755
s16_8192_2048_8_1.c,732,1016,1022,875,795,771
s16_8192_2048_8_2.c,726,1007,1025,872,796,768
s16_8192_2048_8_3.c,744,1027,1038,874,804,756
s16_8192_2048_8_4.c,756,1032,1040,890,795,760
s16_8192_2048_8_5.c,745,1009,1032,874,810,776
s16_8192_256_2_0.c,726,1031,1052,902,825,759
s16_8192_256_2_1.c,726,1033,1028,886,819,770
s16_8192_256_2_2.c,732,1037,1037,876,819,778
s16_8192_256_2_3.c,743,1017,1047,898,797,756
s16_8192_256_2_4.c,745,1012,1039,877,796,759
s16_8192_256_2_5.c,747,1045,1053,882,795,778
s16_8192_256_4_0.c,728,1011,1024,891,830,759
s16_8192_256_4_1.c,746,1012,1036,903,794,758
s16_8192_256_4_2.c,750,1036,1022,885,790,765
s16_8192_256_4_3.c,755,1013,1018,885,791,794
s16_8192_256_4_4.c,761,1016,1035,893,815,759
s16_8192_256_4_5.c,748,1017,1041,895,824,779
s16_8192_256_8_0.c,747,1015,1041,898,816,769
s16_8192_256_8_1.c,745,1027,1041,882,814,758
s16_8192_256_8_2.c,751,1016,1030,881,814,758
s16_8192_256_8_3.c,731,1011,1038,874,790,759
s16_8192_256_8_4.c,750,1015,1041,893,800,775
s16_8192_256_8_5.c,753,1035,1041,876,795,771
s16_8192_4096_2_0.c,739,1024,1017,884,794,772
s16_8192_4096_2_1.c,746,1011,1045,904,827,786
s16_8192_4096_2_2.c,735,1023,1029,898,814,775
s16_8192_4096_2_3.c,749,1016,1037,875,820,776
s16_8192_4096_2_4.c,748,1029,1037,883,812,764
s16_8192_4096_2_5.c,737,1023,1049,886,800,787
s16_8192_4096_4_0.c,751,1022,1022,875,795,770
s16_8192_4096_4_1.c,742,1012,1028,875,793,755
s16_8192_4096_4_2.c,732,1034,1022,875,797,767
s16_8192_4096_4_3.c,740,1029,1017,889,793,756
s16_8192_4096_4_4.c,740,1020,1028,889,806,755
s16_8192_4096_4_5.c,726,1024,1030,887,808,754
s16_8192_4096_8_0.c,737,1007,1046,891,804,756
s16_8192_4096_8_1.c,745,1019,1027,871,803,751
s16_8192_4096_8_2.c,737,1012,1017,885,794,767
s16_8192_4096_8_3.c,749,1016,1019,882,809,762
s16_8192_4096_8_4.c,734,1005,1029,867,793,768
s16_8192_4096_8_5.c,734,1007,1024,867,829,755
s16_8192_512_2_0.c,741,1038,1032,883,795,778
s16_8192_512_2_1.c,754,1033,1016,880,796,771
s16_8192_512_2_2.c,745,1027,1022,896,828,782
s16_8192_512_2_3.c,723,1009,1030,901,800,757
s16_8192_512_2_4.c,743,1009,1029,879,796,776
s16_8192_512_2_5.c,743,1040,1047,897,816,758
s16_8192_512_4_0.c,753,1014,1018,905,820,752
s16_8192_512_4_1.c,748,1032,1019,884,798,754
s16_8192_512_4_2.c,729,1019,1031,882,844,771
s16_8192_512_4_3.c,732,1018,1047,882,819,775
s16_8192_512_4_4.c,746,1010,1033,883,802,758
s16_8192_512_4_5.c,747,1013,1015,902,801,757
s16_8192_512_8_0.c,725,1028,1038,903,802,756
s16_8192_512_8_1.c,745,1010,1014,882,821,775
s16_8192_512_8_2.c,728,1010,1022,878,812,772
s16_8192_512_8_3.c,744,1026,1009,901,797,752
s16_8192_512_8_4.c,724,1032,1018,903,817,755
s16_8192_512_8_5.c,742,1022,1030,890,815,772
s16_8192_64_2_0.c,762,1037,1032,911,795,758
s16_8192_64_2_1.c,763,1065,1032,866,807,785
s16_8192_64_2_2.c,766,1056,1027,887,789,778
s16_8192_64_2_3.c,745,1052,1010,888,788,759
s16_8192_64_2_4.c,746,1038,998,886,818,758
s16_8192_64_2_5.c,741,1031,1018,864,796,754
s16_8192_64_4_0.c,744,1058,1018,868,800,783
s16_8192_64_4_1.c,744,1063,1021,868,821,782
s16_8192_64_4_2.c,744,1036,1030,860,801,783
s16_8192_64_4_3.c,749,1063,1041,868,790,759
s16_8192_64_4_4.c,740,1046,1013,862,800,752
s16_8192_64_4_5.c,759,1055,1003,861,794,761
s16_8192_64_8_0.c,776,1051,1009,879,823,765
s16_8192_64_8_1.c,754,1051,1003,861,798,798
s16_8192_64_8_2.c,747,1031,1003,861,821,777
s16_8192_64_8_3.c,744,1048,1030,863,795,764
s16_8192_64_8_4.c,752,1084,1004,868,821,781
s16_8192_64_8_5.c,763,1039,1021,879,820,763
s16_8192_8192_2_0.c,730,1018,1018,881,800,786
s16_8192_8192_2_1.c,726,1011,1011,870,799,763
s16_8192_8192_2_2.c,731,1012,1017,872,808,771
s16_8192_8192_2_3.c,747,1021,1052,910,827,757
s16_8192_8192_2_4.c,728,1026,1027,882,793,755
s16_8192_8192_2_5.c,726,1016,1027,869,812,756
s16_8192_8192_4_0.c,736,1017,1018,878,795,759
s16_8192_8192_4_1.c,728,1011,1022,883,796,754
s16_8192_8192_4_2.c,727,1011,1017,874,792,754
s16_8192_8192_4_3.c,728,1013,1017,880,804,760
s16_8192_8192_4_4.c,743,1011,1024,874,804,756
s16_8192_8192_4_5.c,745,1025,1016,878,828,761
s16_8192_8192_8_0.c,731,1007,1016,874,794,754
s16_8192_8192_8_1.c,728,1001,1037,864,831,796
s16_8192_8192_8_2.c,753,1052,1113,912,830,788
s16_8192_8192_8_3.c,779,1030,1017,921,833,796
s16_8192_8192_8_4.c,729,1015,1016,872,795,753
s16_8192_8192_8_5.c,741,1006,1017,869,793,754
