s7_2048_1.c,1,2148534273,21,0,3,11,27,15
s7_2048_2.c,1,2148534273,21,0,3,11,27,15
s7_2048_3.c,1,2148534273,21,0,3,11,27,15
s7_2048_4.c,1,2148534273,21,0,3,11,27,15
s7_2048_5.c,1,2148534273,21,0,3,11,27,15
s7_256_0.c,1,2154823937,21,0,3,11,27,15
s7_256_1.c,1,2154823937,21,0,3,11,27,15
s7_256_2.c,1,2154823937,21,0,3,11,27,15
s7_256_3.c,1,2154823937,21,0,3,11,27,15
s7_256_4.c,1,2154823937,21,0,3,11,27,15
s7_256_5.c,1,2154823937,21,0,3,11,27,15
s7_4096_0.c,1,2148012033,21,0,3,11,27,15
s7_4096_1.c,1,2148012033,21,0,3,11,27,15
s7_4096_2.c,1,2148012033,21,0,3,11,27,15
s7_4096_3.c,1,2148012033,21,0,3,11,27,15
s7_4096_4.c,1,2148012033,21,0,3,11,27,15
s7_4096_5.c,1,2148012033,21,0,3,11,27,15
s7_512_0.c,1,2151154177,21,0,3,11,27,15
s7_512_1.c,1,2151154177,21,0,3,11,27,15
s7_512_2.c,1,2151154177,21,0,3,11,27,15
s7_512_3.c,1,2151154177,21,0,3,11,27,15
s7_512_4.c,1,2151154177,21,0,3,11,27,15
s7_512_5.c,1,2151154177,21,0,3,11,27,15
s7_64_0.c,1,2181038139,21,0,3,11,27,15
s7_64_1.c,1,2181038139,21,0,3,11,27,15
s7_64_2.c,1,2181038139,21,0,3,11,27,15
s7_64_3.c,1,2181038139,21,0,3,11,27,15
s7_64_4.c,1,2181038139,21,0,3,11,27,15
s7_64_5.c,1,2181038139,21,0,3,11,27,15
s7_8192_0.c,1,2147753985,21,0,3,11,27,15
s7_8192_1.c,1,2147753985,21,0,3,11,27,15
s7_8192_2.c,1,2147753985,21,0,3,11,27,15
s7_8192_3.c,1,2147753985,21,0,3,11,27,15
s7_8192_4.c,1,2147753985,21,0,3,11,27,15
s7_8192_5.c,1,2147753985,21,0,3,11,27,15
s7n_1024_0.c,1,1075577345,27,0,3,15,33,20
s7n_1024_1.c,1,1075577345,27,0,3,15,33,20
s7n_1024_2.c,1,1075577345,27,0,3,15,33,20
s7n_1024_3.c,1,1075577345,27,0,3,15,33,20
s7n_1024_4.c,1,1075577345,27,0,3,15,33,20
s7n_1024_5.c,1,1075577345,27,0,3,15,33,20
s7n_128_0.c,1,1090519102,27,0,3,15,33,20
s7n_128_1.c,1,1090519102,27,0,3,15,33,20
s7n_128_2.c,1,1090519102,27,0,3,15,33,20
s7n_128_3.c,1,1090519102,27,0,3,15,33,20
s7n_128_4.c,1,1090519102,27,0,3,15,33,20
s7n_128_5.c,1,1090519102,27,0,3,15,33,20
s7n_16384_0.c,1,1073881089,27,0,3,15,33,20
s7n_16384_1.c,1,1073881089,27,0,3,15,33,20
s7n_16384_2.c,1,1073881089,27,0,3,15,33,20
s7n_16384_3.c,1,1073881089,27,0,3,15,33,20
s7n_16384_4.c,1,1073881089,27,0,3,15,33,20
s7n_16384_5.c,1,1073881089,27,0,3,15,33,20
s7n_2048_0.c,1,1074660353,27,0,3,15,33,20
s7n_2048_1.c,1,1074660353,27,0,3,15,33,20
s7n_2048_2.c,1,1074660353,27,0,3,15,33,20
s7n_2048_3.c,1,1074660353,27,0,3,15,33,20
s7n_2048_4.c,1,1074660353,27,0,3,15,33,20
s7n_2048_5.c,1,1074660353,27,0,3,15,33,20
s7n_256_0.c,1,1082130561,27,0,3,15,33,20
s7n_256_1.c,1,1082130561,27,0,3,15,33,20
s7n_256_2.c,1,1082130561,27,0,3,15,33,20
s7n_256_3.c,1,1082130561,27,0,3,15,33,20
s7n_256_4.c,1,1082130561,27,0,3,15,33,20
s7n_256_5.c,1,1082130561,27,0,3,15,33,20
s7n_4096_0.c,1,1074268161,27,0,3,15,33,20
s7n_4096_1.c,1,1074268161,27,0,3,15,33,20
s7n_4096_2.c,1,1074268161,27,0,3,15,33,20
s7n_4096_3.c,1,1074268161,27,0,3,15,33,20
s7n_4096_4.c,1,1074268161,27,0,3,15,33,20
s7n_4096_5.c,1,1074268161,27,0,3,15,33,20
s7n_512_0.c,1,1077412097,27,0,3,15,33,20
s7n_512_1.c,1,1077412097,27,0,3,15,33,20
s7n_512_2.c,1,1077412097,27,0,3,15,33,20
s7n_512_3.c,1,1077412097,27,0,3,15,33,20
s7n_512_4.c,1,1077412097,27,0,3,15,33,20
s7n_512_5.c,1,1077412097,27,0,3,15,33,20
s7n_64_0.c,1,1107296289,27,0,3,15,33,20
s7n_64_1.c,1,1107296289,27,0,3,15,33,20
s7n_64_2.c,1,1107296289,27,0,3,15,33,20
s7n_64_3.c,1,1107296289,27,0,3,15,33,20
s7n_64_4.c,1,1107296289,27,0,3,15,33,20
s7n_64_5.c,1,1107296289,27,0,3,15,33,20
s7n_8192_0.c,1,1074008065,27,0,3,15,33,20
s7n_8192_1.c,1,1074008065,27,0,3,15,33,20
s7n_8192_2.c,1,1074008065,27,0,3,15,33,20
s7n_8192_3.c,1,1074008065,27,0,3,15,33,20
s7n_8192_4.c,1,1074008065,27,0,3,15,33,20
s7n_8192_5.c,1,1074008065,27,0,3,15,33,20
s8_1024_0.c,1,535299069,20,0,3,11,26,15
s8_1024_1.c,1,535299069,20,0,3,11,26,15
s8_1024_2.c,1,535299069,20,0,3,11,26,15
s8_1024_3.c,1,535299069,20,0,3,11,26,15
s8_1024_4.c,1,535299069,20,0,3,11,26,15
s8_1024_5.c,1,535299069,20,0,3,11,26,15
s8_128_0.c,1,524288125,20,0,3,11,26,15
s8_128_1.c,1,524288125,20,0,3,11,26,15
s8_128_2.c,1,524288125,20,0,3,11,26,15
s8_128_3.c,1,524288125,20,0,3,11,26,15
s8_128_4.c,1,524288125,20,0,3,11,26,15
s8_128_5.c,1,524288125,20,0,3,11,26,15
s8_16384_0.c,1,536788989,20,0,3,11,26,15
s8_16384_1.c,1,536788989,20,0,3,11,26,15
s8_16384_2.c,1,536788989,20,0,3,11,26,15
s8_16384_3.c,1,536788989,20,0,3,11,26,15
s8_16384_4.c,1,536788989,20,0,3,11,26,15
s8_16384_5.c,1,536788989,20,0,3,11,26,15
s8_2048_0.c,1,536086525,20,0,3,11,26,15
s8_2048_1.c,1,536086525,20,0,3,11,26,15
s8_2048_2.c,1,536086525,20,0,3,11,26,15
s8_2048_3.c,1,536086525,20,0,3,11,26,15
s8_2048_4.c,1,536086525,20,0,3,11,26,15
s8_2048_5.c,1,536086525,20,0,3,11,26,15
s8_256_0.c,1,530317565,20,0,3,11,26,15
s8_256_1.c,1,530317565,20,0,3,11,26,15
s8_256_2.c,1,530317565,20,0,3,11,26,15
s8_256_3.c,1,530317565,20,0,3,11,26,15
s8_256_4.c,1,530317565,20,0,3,11,26,15
s8_256_5.c,1,530317565,20,0,3,11,26,15
s8_4096_0.c,1,536481789,20,0,3,11,26,15
s8_4096_1.c,1,536481789,20,0,3,11,26,15
s8_4096_2.c,1,536481789,20,0,3,11,26,15
s8_4096_3.c,1,536481789,20,0,3,11,26,15
s8_4096_4.c,1,536481789,20,0,3,11,26,15
s8_4096_5.c,1,536481789,20,0,3,11,26,15
s8_512_0.c,1,533594621,20,0,3,11,26,15
s8_512_1.c,1,533594621,20,0,3,11,26,15
s8_512_2.c,1,533594621,20,0,3,11,26,15
s8_512_3.c,1,533594621,20,0,3,11,26,15
s8_512_4.c,1,533594621,20,0,3,11,26,15
s8_512_5.c,1,533594621,20,0,3,11,26,15
s8_64_0.c,1,511705145,20,0,3,11,26,15
s8_64_1.c,1,511705145,20,0,3,11,26,15
s8_64_2.c,1,511705145,20,0,3,11,26,15
s8_64_3.c,1,511705145,20,0,3,11,26,15
s8_64_4.c,1,511705145,20,0,3,11,26,15
s8_64_5.c,1,511705145,20,0,3,11,26,15
s8_8192_0.c,1,536682493,20,0,3,11,26,15
s8_8192_1.c,1,536682493,20,0,3,11,26,15
s8_8192_2.c,1,536682493,20,0,3,11,26,15
s8_8192_3.c,1,536682493,20,0,3,11,26,15
s8_8192_4.c,1,536682493,20,0,3,11,26,15
s8_8192_5.c,1,536682493,20,0,3,11,26,15
s8n_1024_add_0.c,1,535299069,22,0,3,12,28,17
s8n_1024_add_1.c,1,535299069,22,0,3,12,28,17
s8n_1024_add_2.c,1,535299069,22,0,3,12,28,17
s8n_1024_add_3.c,1,535299069,22,0,3,12,28,17
s8n_1024_add_4.c,1,535299069,22,0,3,12,28,17
s8n_1024_add_5.c,1,535299069,22,0,3,12,28,17
s8n_1024_add_6.c,1,535299069,22,0,3,12,28,17
s8n_1024_mul_0.c,1,535299069,22,0,3,12,28,17
s8n_1024_mul_1.c,1,535299069,22,0,3,12,28,17
s8n_1024_mul_2.c,1,535299069,22,0,3,12,28,17
s8n_1024_mul_3.c,1,535299069,22,0,3,12,28,17
s8n_1024_mul_4.c,1,535299069,22,0,3,12,28,17
s8n_1024_mul_5.c,1,535299069,22,0,3,12,28,17
s8n_1024_mul_6.c,1,535299069,22,0,3,12,28,17
s8n_1024_sub_0.c,1,535299069,22,0,3,12,28,17
s8n_1024_sub_1.c,1,535299069,22,0,3,12,28,17
s8n_1024_sub_2.c,1,535299069,22,0,3,12,28,17
s8n_1024_sub_3.c,1,535299069,22,0,3,12,28,17
s8n_1024_sub_4.c,1,535299069,22,0,3,12,28,17
s8n_1024_sub_5.c,1,535299069,22,0,3,12,28,17
s8n_1024_sub_6.c,1,535299069,22,0,3,12,28,17
s8n_128_add_0.c,1,524288125,22,0,3,12,28,17
s8n_128_add_1.c,1,524288125,22,0,3,12,28,17
s8n_128_add_2.c,1,524288125,22,0,3,12,28,17
s8n_128_add_3.c,1,524288125,22,0,3,12,28,17
s8n_128_add_4.c,1,524288125,22,0,3,12,28,17
s8n_128_add_5.c,1,524288125,22,0,3,12,28,17
s8n_128_add_6.c,1,524288125,22,0,3,12,28,17
s8n_128_mul_0.c,1,524288125,22,0,3,12,28,17
s8n_128_mul_1.c,1,524288125,22,0,3,12,28,17
s8n_128_mul_2.c,1,524288125,22,0,3,12,28,17
s8n_128_mul_3.c,1,524288125,22,0,3,12,28,17
s8n_128_mul_4.c,1,524288125,22,0,3,12,28,17
s8n_128_mul_5.c,1,524288125,22,0,3,12,28,17
s8n_128_mul_6.c,1,524288125,22,0,3,12,28,17
s8n_128_sub_0.c,1,524288125,22,0,3,12,28,17
s8n_128_sub_1.c,1,524288125,22,0,3,12,28,17
s8n_128_sub_2.c,1,524288125,22,0,3,12,28,17
s8n_128_sub_3.c,1,524288125,22,0,3,12,28,17
s8n_128_sub_4.c,1,524288125,22,0,3,12,28,17
s8n_128_sub_5.c,1,524288125,22,0,3,12,28,17
s8n_128_sub_6.c,1,524288125,22,0,3,12,28,17
s8n_16384_add_0.c,1,536788989,22,0,3,12,28,17
s8n_16384_add_1.c,1,536788989,22,0,3,12,28,17
s8n_16384_add_2.c,1,536788989,22,0,3,12,28,17
s8n_16384_add_3.c,1,536788989,22,0,3,12,28,17
s8n_16384_add_4.c,1,536788989,22,0,3,12,28,17
s8n_16384_add_5.c,1,536788989,22,0,3,12,28,17
s8n_16384_add_6.c,1,536788989,22,0,3,12,28,17
s8n_16384_mul_0.c,1,536788989,22,0,3,12,28,17
s8n_16384_mul_1.c,1,536788989,22,0,3,12,28,17
s8n_16384_mul_2.c,1,536788989,22,0,3,12,28,17
s8n_16384_mul_3.c,1,536788989,22,0,3,12,28,17
s8n_16384_mul_4.c,1,536788989,22,0,3,12,28,17
s8n_16384_mul_5.c,1,536788989,22,0,3,12,28,17
s8n_16384_mul_6.c,1,536788989,22,0,3,12,28,17
s8n_16384_sub_0.c,1,536788989,22,0,3,12,28,17
s8n_16384_sub_1.c,1,536788989,22,0,3,12,28,17
s8n_16384_sub_2.c,1,536788989,22,0,3,12,28,17
s8n_16384_sub_3.c,1,536788989,22,0,3,12,28,17
s8n_16384_sub_4.c,1,536788989,22,0,3,12,28,17
s8n_16384_sub_5.c,1,536788989,22,0,3,12,28,17
s8n_16384_sub_6.c,1,536788989,22,0,3,12,28,17
s8n_2048_add_0.c,1,536086525,22,0,3,12,28,17
s8n_2048_add_1.c,1,536086525,22,0,3,12,28,17
s8n_2048_add_2.c,1,536086525,22,0,3,12,28,17
s8n_2048_add_3.c,1,536086525,22,0,3,12,28,17
s8n_2048_add_4.c,1,536086525,22,0,3,12,28,17
s8n_2048_add_5.c,1,536086525,22,0,3,12,28,17
s8n_2048_add_6.c,1,536086525,22,0,3,12,28,17
s8n_2048_mul_0.c,1,536086525,22,0,3,12,28,17
s8n_2048_mul_1.c,1,536086525,22,0,3,12,28,17
s8n_2048_mul_2.c,1,536086525,22,0,3,12,28,17
s8n_2048_mul_3.c,1,536086525,22,0,3,12,28,17
s8n_2048_mul_4.c,1,536086525,22,0,3,12,28,17
s8n_2048_mul_5.c,1,536086525,22,0,3,12,28,17
s8n_2048_mul_6.c,1,536086525,22,0,3,12,28,17
s8n_2048_sub_0.c,1,536086525,22,0,3,12,28,17
s8n_2048_sub_1.c,1,536086525,22,0,3,12,28,17
s8n_2048_sub_2.c,1,536086525,22,0,3,12,28,17
s8n_2048_sub_3.c,1,536086525,22,0,3,12,28,17
s8n_2048_sub_4.c,1,536086525,22,0,3,12,28,17
s8n_2048_sub_5.c,1,536086525,22,0,3,12,28,17
s8n_2048_sub_6.c,1,536086525,22,0,3,12,28,17
s8n_256_add_0.c,1,530317565,22,0,3,12,28,17
s8n_256_add_1.c,1,530317565,22,0,3,12,28,17
s8n_256_add_2.c,1,530317565,22,0,3,12,28,17
s8n_256_add_3.c,1,530317565,22,0,3,12,28,17
s8n_256_add_4.c,1,530317565,22,0,3,12,28,17
s8n_256_add_5.c,1,530317565,22,0,3,12,28,17
s8n_256_add_6.c,1,530317565,22,0,3,12,28,17
s8n_256_mul_0.c,1,530317565,22,0,3,12,28,17
s8n_256_mul_1.c,1,530317565,22,0,3,12,28,17
s8n_256_mul_2.c,1,530317565,22,0,3,12,28,17
s8n_256_mul_3.c,1,530317565,22,0,3,12,28,17
s8n_256_mul_4.c,1,530317565,22,0,3,12,28,17
s8n_256_mul_5.c,1,530317565,22,0,3,12,28,17
s8n_256_mul_6.c,1,530317565,22,0,3,12,28,17
s8n_256_sub_0.c,1,530317565,22,0,3,12,28,17
s8n_256_sub_1.c,1,530317565,22,0,3,12,28,17
s8n_256_sub_2.c,1,530317565,22,0,3,12,28,17
s8n_256_sub_3.c,1,530317565,22,0,3,12,28,17
s8n_256_sub_4.c,1,530317565,22,0,3,12,28,17
s8n_256_sub_5.c,1,530317565,22,0,3,12,28,17
s8n_256_sub_6.c,1,530317565,22,0,3,12,28,17
s8n_4096_add_0.c,1,536481789,22,0,3,12,28,17
s8n_4096_add_1.c,1,536481789,22,0,3,12,28,17
s8n_4096_add_2.c,1,536481789,22,0,3,12,28,17
s8n_4096_add_3.c,1,536481789,22,0,3,12,28,17
s8n_4096_add_4.c,1,536481789,22,0,3,12,28,17
s8n_4096_add_5.c,1,536481789,22,0,3,12,28,17
s8n_4096_add_6.c,1,536481789,22,0,3,12,28,17
s8n_4096_mul_0.c,1,536481789,22,0,3,12,28,17
s8n_4096_mul_1.c,1,536481789,22,0,3,12,28,17
s8n_4096_mul_2.c,1,536481789,22,0,3,12,28,17
s8n_4096_mul_3.c,1,536481789,22,0,3,12,28,17
s8n_4096_mul_4.c,1,536481789,22,0,3,12,28,17
s8n_4096_mul_5.c,1,536481789,22,0,3,12,28,17
s8n_4096_mul_6.c,1,536481789,22,0,3,12,28,17
s8n_4096_sub_0.c,1,536481789,22,0,3,12,28,17
s8n_4096_sub_1.c,1,536481789,22,0,3,12,28,17
s8n_4096_sub_2.c,1,536481789,22,0,3,12,28,17
s8n_4096_sub_3.c,1,536481789,22,0,3,12,28,17
s8n_4096_sub_4.c,1,536481789,22,0,3,12,28,17
s8n_4096_sub_5.c,1,536481789,22,0,3,12,28,17
s8n_4096_sub_6.c,1,536481789,22,0,3,12,28,17
s8n_512_add_0.c,1,533594621,22,0,3,12,28,17
s8n_512_add_1.c,1,533594621,22,0,3,12,28,17
s8n_512_add_2.c,1,533594621,22,0,3,12,28,17
s8n_512_add_3.c,1,533594621,22,0,3,12,28,17
s8n_512_add_4.c,1,533594621,22,0,3,12,28,17
s8n_512_add_5.c,1,533594621,22,0,3,12,28,17
s8n_512_add_6.c,1,533594621,22,0,3,12,28,17
s8n_512_mul_0.c,1,533594621,22,0,3,12,28,17
s8n_512_mul_1.c,1,533594621,22,0,3,12,28,17
s8n_512_mul_2.c,1,533594621,22,0,3,12,28,17
s8n_512_mul_3.c,1,533594621,22,0,3,12,28,17
s8n_512_mul_4.c,1,533594621,22,0,3,12,28,17
s8n_512_mul_5.c,1,533594621,22,0,3,12,28,17
s8n_512_mul_6.c,1,533594621,22,0,3,12,28,17
s8n_512_sub_0.c,1,533594621,22,0,3,12,28,17
s8n_512_sub_1.c,1,533594621,22,0,3,12,28,17
s8n_512_sub_2.c,1,533594621,22,0,3,12,28,17
s8n_512_sub_3.c,1,533594621,22,0,3,12,28,17
s8n_512_sub_4.c,1,533594621,22,0,3,12,28,17
s8n_512_sub_5.c,1,533594621,22,0,3,12,28,17
s8n_512_sub_6.c,1,533594621,22,0,3,12,28,17
s8n_64_add_0.c,1,511705145,22,0,3,12,28,17
s8n_64_add_1.c,1,511705145,22,0,3,12,28,17
s8n_64_add_2.c,1,511705145,22,0,3,12,28,17
s8n_64_add_3.c,1,511705145,22,0,3,12,28,17
s8n_64_add_4.c,1,511705145,22,0,3,12,28,17
s8n_64_add_5.c,1,511705145,22,0,3,12,28,17
s8n_64_add_6.c,1,511705145,22,0,3,12,28,17
s8n_64_mul_0.c,1,511705145,22,0,3,12,28,17
s8n_64_mul_1.c,1,511705145,22,0,3,12,28,17
s8n_64_mul_2.c,1,511705145,22,0,3,12,28,17
s8n_64_mul_3.c,1,511705145,22,0,3,12,28,17
s8n_64_mul_4.c,1,511705145,22,0,3,12,28,17
s8n_64_mul_5.c,1,511705145,22,0,3,12,28,17
s8n_64_mul_6.c,1,511705145,22,0,3,12,28,17
s8n_64_sub_0.c,1,511705145,22,0,3,12,28,17
s8n_64_sub_1.c,1,511705145,22,0,3,12,28,17
s8n_64_sub_2.c,1,511705145,22,0,3,12,28,17
s8n_64_sub_3.c,1,511705145,22,0,3,12,28,17
s8n_64_sub_4.c,1,511705145,22,0,3,12,28,17
s8n_64_sub_5.c,1,511705145,22,0,3,12,28,17
s8n_64_sub_6.c,1,511705145,22,0,3,12,28,17
s8n_8192_add_0.c,1,536682493,22,0,3,12,28,17
s8n_8192_add_1.c,1,536682493,22,0,3,12,28,17
s8n_8192_add_2.c,1,536682493,22,0,3,12,28,17
s8n_8192_add_3.c,1,536682493,22,0,3,12,28,17
s8n_8192_add_4.c,1,536682493,22,0,3,12,28,17
s8n_8192_add_5.c,1,536682493,22,0,3,12,28,17
s8n_8192_add_6.c,1,536682493,22,0,3,12,28,17
s8n_8192_mul_0.c,1,536682493,22,0,3,12,28,17
s8n_8192_mul_1.c,1,536682493,22,0,3,12,28,17
s8n_8192_mul_2.c,1,536682493,22,0,3,12,28,17
s8n_8192_mul_3.c,1,536682493,22,0,3,12,28,17
s8n_8192_mul_4.c,1,536682493,22,0,3,12,28,17
s8n_8192_mul_5.c,1,536682493,22,0,3,12,28,17
s8n_8192_mul_6.c,1,536682493,22,0,3,12,28,17
s8n_8192_sub_0.c,1,536682493,22,0,3,12,28,17
s8n_8192_sub_1.c,1,536682493,22,0,3,12,28,17
s8n_8192_sub_2.c,1,536682493,22,0,3,12,28,17
s8n_8192_sub_3.c,1,536682493,22,0,3,12,28,17
s8n_8192_sub_4.c,1,536682493,22,0,3,12,28,17
s8n_8192_sub_5.c,1,536682493,22,0,3,12,28,17
s8n_8192_sub_6.c,1,536682493,22,0,3,12,28,17
s9_1024_1024_0.c,2,1050497,26,0,7,13,31,15
s9_1024_1024_1.c,2,1050497,26,0,7,13,31,15
s9_1024_1024_2.c,2,1050497,26,0,7,13,31,15
s9_1024_1024_3.c,2,1050497,26,0,7,13,31,15
s9_1024_1024_4.c,2,1050497,26,0,7,13,31,15
s9_1024_128_0.c,2,8396801,26,0,7,13,32,15
s9_1024_128_1.c,2,8396801,26,0,7,13,32,15
s9_1024_128_2.c,2,8396801,26,0,7,13,32,15
s9_1024_128_3.c,2,8396801,26,0,7,13,32,15
s9_1024_128_4.c,2,8396801,26,0,7,13,32,15
s9_1024_16384_0.c,2,66617,26,0,7,13,32,15
s9_1024_16384_1.c,2,66617,26,0,7,13,32,15
s9_1024_16384_2.c,2,66617,26,0,7,13,32,15
s9_1024_16384_3.c,2,66617,26,0,7,13,32,15
s9_1024_16384_4.c,2,66617,26,0,7,13,32,15
s9_1024_2048_0.c,2,525761,26,0,7,13,32,15
s9_1024_2048_1.c,2,525761,26,0,7,13,32,15
s9_1024_2048_2.c,2,525761,26,0,7,13,32,15
s9_1024_2048_3.c,2,525761,26,0,7,13,32,15
s9_1024_2048_4.c,2,525761,26,0,7,13,32,15
s9_1024_256_0.c,2,4198913,26,0,7,13,32,15
s9_1024_256_1.c,2,4198913,26,0,7,13,32,15
s9_1024_256_2.c,2,4198913,26,0,7,13,32,15
s9_1024_256_3.c,2,4198913,26,0,7,13,32,15
s9_1024_256_4.c,2,4198913,26,0,7,13,32,15
s9_1024_4096_0.c,2,263393,26,0,7,13,32,15
s9_1024_4096_1.c,2,263393,26,0,7,13,32,15
s9_1024_4096_2.c,2,263393,26,0,7,13,32,15
s9_1024_4096_3.c,2,263393,26,0,7,13,32,15
s9_1024_4096_4.c,2,263393,26,0,7,13,32,15
s9_1024_512_0.c,2,2099969,26,0,7,13,32,15
s9_1024_512_1.c,2,2099969,26,0,7,13,32,15
s9_1024_512_2.c,2,2099969,26,0,7,13,32,15
s9_1024_512_3.c,2,2099969,26,0,7,13,32,15
s9_1024_512_4.c,2,2099969,26,0,7,13,32,15
s9_1024_64_0.c,2,16792577,26,0,7,13,32,15
s9_1024_64_1.c,2,16792577,26,0,7,13,32,15
s9_1024_64_2.c,2,16792577,26,0,7,13,32,15
s9_1024_64_3.c,2,16792577,26,0,7,13,32,15
s9_1024_64_4.c,2,16792577,26,0,7,13,32,15
s9_1024_8192_0.c,2,132209,26,0,7,13,32,15
s9_1024_8192_1.c,2,132209,26,0,7,13,32,15
s9_1024_8192_2.c,2,132209,26,0,7,13,32,15
s9_1024_8192_3.c,2,132209,26,0,7,13,32,15
s9_1024_8192_4.c,2,132209,26,0,7,13,32,15
s9_128_1024_0.c,2,1056897,26,0,7,13,32,15
s9_128_1024_1.c,2,1056897,26,0,7,13,32,15
s9_128_1024_2.c,2,1056897,26,0,7,13,32,15
s9_128_1024_3.c,2,1056897,26,0,7,13,32,15
s9_128_1024_4.c,2,1056897,26,0,7,13,32,15
s9_128_128_0.c,2,8454273,26,0,7,13,31,15
s9_128_128_1.c,2,8454273,26,0,7,13,31,15
s9_128_128_2.c,2,8454273,26,0,7,13,31,15
s9_128_128_3.c,2,8454273,26,0,7,13,31,15
s9_128_128_4.c,2,8454273,26,0,7,13,31,15
s9_128_16384_0.c,2,66177,26,0,7,13,32,15
s9_128_16384_1.c,2,66177,26,0,7,13,32,15
s9_128_16384_2.c,2,66177,26,0,7,13,32,15
s9_128_16384_3.c,2,66177,26,0,7,13,32,15
s9_128_16384_4.c,2,66177,26,0,7,13,32,15
s9_128_2048_0.c,2,528513,26,0,7,13,32,15
s9_128_2048_1.c,2,528513,26,0,7,13,32,15
s9_128_2048_2.c,2,528513,26,0,7,13,32,15
s9_128_2048_3.c,2,528513,26,0,7,13,32,15
s9_128_2048_4.c,2,528513,26,0,7,13,32,15
s9_128_256_0.c,2,4227201,26,0,7,13,32,15
s9_128_256_1.c,2,4227201,26,0,7,13,32,15
s9_128_256_2.c,2,4227201,26,0,7,13,32,15
s9_128_256_3.c,2,4227201,26,0,7,13,32,15
s9_128_256_4.c,2,4227201,26,0,7,13,32,15
s9_128_4096_0.c,2,264321,26,0,7,13,32,15
s9_128_4096_1.c,2,264321,26,0,7,13,32,15
s9_128_4096_2.c,2,264321,26,0,7,13,32,15
s9_128_4096_3.c,2,264321,26,0,7,13,32,15
s9_128_4096_4.c,2,264321,26,0,7,13,32,15
s9_128_512_0.c,2,2113665,26,0,7,13,32,15
s9_128_512_1.c,2,2113665,26,0,7,13,32,15
s9_128_512_2.c,2,2113665,26,0,7,13,32,15
s9_128_512_3.c,2,2113665,26,0,7,13,32,15
s9_128_512_4.c,2,2113665,26,0,7,13,32,15
s9_128_64_0.c,2,16908417,26,0,7,13,32,15
s9_128_64_1.c,2,16908417,26,0,7,13,32,15
s9_128_64_2.c,2,16908417,26,0,7,13,32,15
s9_128_64_3.c,2,16908417,26,0,7,13,32,15
s9_128_64_4.c,2,16908417,26,0,7,13,32,15
s9_128_8192_0.c,2,132225,26,0,7,13,32,15
s9_128_8192_1.c,2,132225,26,0,7,13,32,15
s9_128_8192_2.c,2,132225,26,0,7,13,32,15
s9_128_8192_3.c,2,132225,26,0,7,13,32,15
s9_128_8192_4.c,2,132225,26,0,7,13,32,15
s9_16384_1024_0.c,2,1065025,26,0,7,13,32,15
s9_16384_1024_1.c,2,1065025,26,0,7,13,32,15
s9_16384_1024_2.c,2,1065025,26,0,7,13,32,15
s9_16384_1024_3.c,2,1065025,26,0,7,13,32,15
s9_16384_1024_4.c,2,1065025,26,0,7,13,32,15
s9_16384_128_0.c,2,8405505,26,0,7,13,32,15
s9_16384_128_1.c,2,8405505,26,0,7,13,32,15
s9_16384_128_2.c,2,8405505,26,0,7,13,32,15
s9_16384_128_3.c,2,8405505,26,0,7,13,32,15
s9_16384_128_4.c,2,8405505,26,0,7,13,32,15
s9_16384_16384_0.c,2,81925,26,0,7,13,31,15
s9_16384_16384_1.c,2,81925,26,0,7,13,31,15
s9_16384_16384_2.c,2,81925,26,0,7,13,31,15
s9_16384_16384_3.c,2,81925,26,0,7,13,31,15
s9_16384_16384_4.c,2,81925,26,0,7,13,31,15
s9_16384_2048_0.c,2,540705,26,0,7,13,32,15
s9_16384_2048_1.c,2,540705,26,0,7,13,32,15
s9_16384_2048_2.c,2,540705,26,0,7,13,32,15
s9_16384_2048_3.c,2,540705,26,0,7,13,32,15
s9_16384_2048_4.c,2,540705,26,0,7,13,32,15
s9_16384_256_0.c,2,4210945,26,0,7,13,32,15
s9_16384_256_1.c,2,4210945,26,0,7,13,32,15
s9_16384_256_2.c,2,4210945,26,0,7,13,32,15
s9_16384_256_3.c,2,4210945,26,0,7,13,32,15
s9_16384_256_4.c,2,4210945,26,0,7,13,32,15
s9_16384_4096_0.c,2,278545,26,0,7,13,32,15
s9_16384_4096_1.c,2,278545,26,0,7,13,32,15
s9_16384_4096_2.c,2,278545,26,0,7,13,32,15
s9_16384_4096_3.c,2,278545,26,0,7,13,32,15
s9_16384_4096_4.c,2,278545,26,0,7,13,32,15
s9_16384_512_0.c,2,2113665,26,0,7,13,32,15
s9_16384_512_1.c,2,2113665,26,0,7,13,32,15
s9_16384_512_2.c,2,2113665,26,0,7,13,32,15
s9_16384_512_3.c,2,2113665,26,0,7,13,32,15
s9_16384_512_4.c,2,2113665,26,0,7,13,32,15
s9_16384_64_0.c,2,16794625,26,0,7,13,32,15
s9_16384_64_1.c,2,16794625,26,0,7,13,32,15
s9_16384_64_2.c,2,16794625,26,0,7,13,32,15
s9_16384_64_3.c,2,16794625,26,0,7,13,32,15
s9_16384_64_4.c,2,16794625,26,0,7,13,32,15
s9_16384_8192_0.c,2,147465,26,0,7,13,32,15
s9_16384_8192_1.c,2,147465,26,0,7,13,32,15
s9_16384_8192_2.c,2,147465,26,0,7,13,32,15
s9_16384_8192_3.c,2,147465,26,0,7,13,32,15
s9_16384_8192_4.c,2,147465,26,0,7,13,32,15
s9_2048_1024_0.c,2,1051137,26,0,7,13,32,15
s9_2048_1024_1.c,2,1051137,26,0,7,13,32,15
s9_2048_1024_2.c,2,1051137,26,0,7,13,32,15
s9_2048_1024_3.c,2,1051137,26,0,7,13,32,15
s9_2048_1024_4.c,2,1051137,26,0,7,13,32,15
s9_2048_128_0.c,2,8394753,26,0,7,13,32,15
s9_2048_128_1.c,2,8394753,26,0,7,13,32,15
s9_2048_128_2.c,2,8394753,26,0,7,13,32,15
s9_2048_128_3.c,2,8394753,26,0,7,13,32,15
s9_2048_128_4.c,2,8394753,26,0,7,13,32,15
s9_2048_16384_0.c,2,67617,26,0,7,13,32,15
s9_2048_16384_1.c,2,67617,26,0,7,13,32,15
s9_2048_16384_2.c,2,67617,26,0,7,13,32,15
s9_2048_16384_3.c,2,67617,26,0,7,13,32,15
s9_2048_16384_4.c,2,67617,26,0,7,13,32,15
s9_2048_2048_0.c,2,526593,26,0,7,13,31,15
s9_2048_2048_1.c,2,526593,26,0,7,13,31,15
s9_2048_2048_2.c,2,526593,26,0,7,13,31,15
s9_2048_2048_3.c,2,526593,26,0,7,13,31,15
s9_2048_2048_4.c,2,526593,26,0,7,13,31,15
s9_2048_256_0.c,2,4198401,26,0,7,13,32,15
s9_2048_256_1.c,2,4198401,26,0,7,13,32,15
s9_2048_256_2.c,2,4198401,26,0,7,13,32,15
s9_2048_256_3.c,2,4198401,26,0,7,13,32,15
s9_2048_256_4.c,2,4198401,26,0,7,13,32,15
s9_2048_4096_0.c,2,264321,26,0,7,13,32,15
s9_2048_4096_1.c,2,264321,26,0,7,13,32,15
s9_2048_4096_2.c,2,264321,26,0,7,13,32,15
s9_2048_4096_3.c,2,264321,26,0,7,13,32,15
s9_2048_4096_4.c,2,264321,26,0,7,13,32,15
s9_2048_512_0.c,2,2100225,26,0,7,13,32,15
s9_2048_512_1.c,2,2100225,26,0,7,13,32,15
s9_2048_512_2.c,2,2100225,26,0,7,13,32,15
s9_2048_512_3.c,2,2100225,26,0,7,13,32,15
s9_2048_512_4.c,2,2100225,26,0,7,13,32,15
s9_2048_64_0.c,2,16787457,26,0,7,13,32,15
s9_2048_64_1.c,2,16787457,26,0,7,13,32,15
s9_2048_64_2.c,2,16787457,26,0,7,13,32,15
s9_2048_64_3.c,2,16787457,26,0,7,13,32,15
s9_2048_64_4.c,2,16787457,26,0,7,13,32,15
s9_2048_8192_0.c,2,133185,26,0,7,13,32,15
s9_2048_8192_1.c,2,133185,26,0,7,13,32,15
s9_2048_8192_2.c,2,133185,26,0,7,13,32,15
s9_2048_8192_3.c,2,133185,26,0,7,13,32,15
s9_2048_8192_4.c,2,133185,26,0,7,13,32,15
s9_256_1024_0.c,2,1052417,26,0,7,13,32,15
s9_256_1024_1.c,2,1052417,26,0,7,13,32,15
s9_256_1024_2.c,2,1052417,26,0,7,13,32,15
s9_256_1024_3.c,2,1052417,26,0,7,13,32,15
s9_256_1024_4.c,2,1052417,26,0,7,13,32,15
s9_256_128_0.c,2,8417537,26,0,7,13,32,15
s9_256_128_1.c,2,8417537,26,0,7,13,32,15
s9_256_128_2.c,2,8417537,26,0,7,13,32,15
s9_256_128_3.c,2,8417537,26,0,7,13,32,15
s9_256_128_4.c,2,8417537,26,0,7,13,32,15
s9_256_16384_0.c,2,66017,26,0,7,13,32,15
s9_256_16384_1.c,2,66017,26,0,7,13,32,15
s9_256_16384_2.c,2,66017,26,0,7,13,32,15
s9_256_16384_3.c,2,66017,26,0,7,13,32,15
s9_256_16384_4.c,2,66017,26,0,7,13,32,15
s9_256_2048_0.c,2,526337,26,0,7,13,32,15
s9_256_2048_1.c,2,526337,26,0,7,13,32,15
s9_256_2048_2.c,2,526337,26,0,7,13,32,15
s9_256_2048_3.c,2,526337,26,0,7,13,32,15
s9_256_2048_4.c,2,526337,26,0,7,13,32,15
s9_256_256_0.c,2,4208897,26,0,7,13,31,15
s9_256_256_1.c,2,4208897,26,0,7,13,31,15
s9_256_256_2.c,2,4208897,26,0,7,13,31,15
s9_256_256_3.c,2,4208897,26,0,7,13,31,15
s9_256_256_4.c,2,4208897,26,0,7,13,31,15
s9_256_4096_0.c,2,263297,26,0,7,13,32,15
s9_256_4096_1.c,2,263297,26,0,7,13,32,15
s9_256_4096_2.c,2,263297,26,0,7,13,32,15
s9_256_4096_3.c,2,263297,26,0,7,13,32,15
s9_256_4096_4.c,2,263297,26,0,7,13,32,15
s9_256_512_0.c,2,2104577,26,0,7,13,32,15
s9_256_512_1.c,2,2104577,26,0,7,13,32,15
s9_256_512_2.c,2,2104577,26,0,7,13,32,15
s9_256_512_3.c,2,2104577,26,0,7,13,32,15
s9_256_512_4.c,2,2104577,26,0,7,13,32,15
s9_256_64_0.c,2,16834817,26,0,7,13,32,15
s9_256_64_1.c,2,16834817,26,0,7,13,32,15
s9_256_64_2.c,2,16834817,26,0,7,13,32,15
s9_256_64_3.c,2,16834817,26,0,7,13,32,15
s9_256_64_4.c,2,16834817,26,0,7,13,32,15
s9_256_8192_0.c,2,131777,26,0,7,13,32,15
s9_256_8192_1.c,2,131777,26,0,7,13,32,15
s9_256_8192_2.c,2,131777,26,0,7,13,32,15
s9_256_8192_3.c,2,131777,26,0,7,13,32,15
s9_256_8192_4.c,2,131777,26,0,7,13,32,15
s9_4096_1024_0.c,2,1052929,26,0,7,13,32,15
s9_4096_1024_1.c,2,1052929,26,0,7,13,32,15
s9_4096_1024_2.c,2,1052929,26,0,7,13,32,15
s9_4096_1024_3.c,2,1052929,26,0,7,13,32,15
s9_4096_1024_4.c,2,1052929,26,0,7,13,32,15
s9_4096_128_0.c,2,8394753,26,0,7,13,32,15
s9_4096_128_1.c,2,8394753,26,0,7,13,32,15
s9_4096_128_2.c,2,8394753,26,0,7,13,32,15
s9_4096_128_3.c,2,8394753,26,0,7,13,32,15
s9_4096_128_4.c,2,8394753,26,0,7,13,32,15
s9_4096_16384_0.c,2,69649,26,0,7,13,32,15
s9_4096_16384_1.c,2,69649,26,0,7,13,32,15
s9_4096_16384_2.c,2,69649,26,0,7,13,32,15
s9_4096_16384_3.c,2,69649,26,0,7,13,32,15
s9_4096_16384_4.c,2,69649,26,0,7,13,32,15
s9_4096_2048_0.c,2,528513,26,0,7,13,32,15
s9_4096_2048_1.c,2,528513,26,0,7,13,32,15
s9_4096_2048_2.c,2,528513,26,0,7,13,32,15
s9_4096_2048_3.c,2,528513,26,0,7,13,32,15
s9_4096_2048_4.c,2,528513,26,0,7,13,32,15
s9_4096_256_0.c,2,4199425,26,0,7,13,32,15
s9_4096_256_1.c,2,4199425,26,0,7,13,32,15
s9_4096_256_2.c,2,4199425,26,0,7,13,32,15
s9_4096_256_3.c,2,4199425,26,0,7,13,32,15
s9_4096_256_4.c,2,4199425,26,0,7,13,32,15
s9_4096_4096_0.c,2,266305,26,0,7,13,31,15
s9_4096_4096_1.c,2,266305,26,0,7,13,31,15
s9_4096_4096_2.c,2,266305,26,0,7,13,31,15
s9_4096_4096_3.c,2,266305,26,0,7,13,31,15
s9_4096_4096_4.c,2,266305,26,0,7,13,31,15
s9_4096_512_0.c,2,2101761,26,0,7,13,32,15
s9_4096_512_1.c,2,2101761,26,0,7,13,32,15
s9_4096_512_2.c,2,2101761,26,0,7,13,32,15
s9_4096_512_3.c,2,2101761,26,0,7,13,32,15
s9_4096_512_4.c,2,2101761,26,0,7,13,32,15
s9_4096_64_0.c,2,16785409,26,0,7,13,32,15
s9_4096_64_1.c,2,16785409,26,0,7,13,32,15
s9_4096_64_2.c,2,16785409,26,0,7,13,32,15
s9_4096_64_3.c,2,16785409,26,0,7,13,32,15
s9_4096_64_4.c,2,16785409,26,0,7,13,32,15
s9_4096_8192_0.c,2,135201,26,0,7,13,32,15
s9_4096_8192_1.c,2,135201,26,0,7,13,32,15
s9_4096_8192_2.c,2,135201,26,0,7,13,32,15
s9_4096_8192_3.c,2,135201,26,0,7,13,32,15
s9_4096_8192_4.c,2,135201,26,0,7,13,32,15
s9_512_1024_0.c,2,1050881,26,0,7,13,32,15
s9_512_1024_1.c,2,1050881,26,0,7,13,32,15
s9_512_1024_2.c,2,1050881,26,0,7,13,32,15
s9_512_1024_3.c,2,1050881,26,0,7,13,32,15
s9_512_1024_4.c,2,1050881,26,0,7,13,32,15
s9_512_128_0.c,2,8403457,26,0,7,13,32,15
s9_512_128_1.c,2,8403457,26,0,7,13,32,15
s9_512_128_2.c,2,8403457,26,0,7,13,32,15
s9_512_128_3.c,2,8403457,26,0,7,13,32,15
s9_512_128_4.c,2,8403457,26,0,7,13,32,15
s9_512_16384_0.c,2,66161,26,0,7,13,32,15
s9_512_16384_1.c,2,66161,26,0,7,13,32,15
s9_512_16384_2.c,2,66161,26,0,7,13,32,15
s9_512_16384_3.c,2,66161,26,0,7,13,32,15
s9_512_16384_4.c,2,66161,26,0,7,13,32,15
s9_512_2048_0.c,2,525697,26,0,7,13,32,15
s9_512_2048_1.c,2,525697,26,0,7,13,32,15
s9_512_2048_2.c,2,525697,26,0,7,13,32,15
s9_512_2048_3.c,2,525697,26,0,7,13,32,15
s9_512_2048_4.c,2,525697,26,0,7,13,32,15
s9_512_256_0.c,2,4201985,26,0,7,13,32,15
s9_512_256_1.c,2,4201985,26,0,7,13,32,15
s9_512_256_2.c,2,4201985,26,0,7,13,32,15
s9_512_256_3.c,2,4201985,26,0,7,13,32,15
s9_512_256_4.c,2,4201985,26,0,7,13,32,15
s9_512_4096_0.c,2,263105,26,0,7,13,32,15
s9_512_4096_1.c,2,263105,26,0,7,13,32,15
s9_512_4096_2.c,2,263105,26,0,7,13,32,15
s9_512_4096_3.c,2,263105,26,0,7,13,32,15
s9_512_4096_4.c,2,263105,26,0,7,13,32,15
s9_512_512_0.c,2,2101249,26,0,7,13,31,15
s9_512_512_1.c,2,2101249,26,0,7,13,31,15
s9_512_512_2.c,2,2101249,26,0,7,13,31,15
s9_512_512_3.c,2,2101249,26,0,7,13,31,15
s9_512_512_4.c,2,2101249,26,0,7,13,31,15
s9_512_64_0.c,2,16806401,26,0,7,13,32,15
s9_512_64_1.c,2,16806401,26,0,7,13,32,15
s9_512_64_2.c,2,16806401,26,0,7,13,32,15
s9_512_64_3.c,2,16806401,26,0,7,13,32,15
s9_512_64_4.c,2,16806401,26,0,7,13,32,15
s9_512_8192_0.c,2,131809,26,0,7,13,32,15
s9_512_8192_1.c,2,131809,26,0,7,13,32,15
s9_512_8192_2.c,2,131809,26,0,7,13,32,15
s9_512_8192_3.c,2,131809,26,0,7,13,32,15
s9_512_8192_4.c,2,131809,26,0,7,13,32,15
s9_64_1024_0.c,2,1062977,26,0,7,13,32,15
s9_64_1024_1.c,2,1062977,26,0,7,13,32,15
s9_64_1024_2.c,2,1062977,26,0,7,13,32,15
s9_64_1024_3.c,2,1062977,26,0,7,13,32,15
s9_64_1024_4.c,2,1062977,26,0,7,13,32,15
s9_64_128_0.c,2,8503361,26,0,7,13,32,15
s9_64_128_1.c,2,8503361,26,0,7,13,32,15
s9_64_128_2.c,2,8503361,26,0,7,13,32,15
s9_64_128_3.c,2,8503361,26,0,7,13,32,15
s9_64_128_4.c,2,8503361,26,0,7,13,32,15
s9_64_16384_0.c,2,66497,26,0,7,13,32,15
s9_64_16384_1.c,2,66497,26,0,7,13,32,15
s9_64_16384_2.c,2,66497,26,0,7,13,32,15
s9_64_16384_3.c,2,66497,26,0,7,13,32,15
s9_64_16384_4.c,2,66497,26,0,7,13,32,15
s9_64_2048_0.c,2,531521,26,0,7,13,32,15
s9_64_2048_1.c,2,531521,26,0,7,13,32,15
s9_64_2048_2.c,2,531521,26,0,7,13,32,15
s9_64_2048_3.c,2,531521,26,0,7,13,32,15
s9_64_2048_4.c,2,531521,26,0,7,13,32,15
s9_64_256_0.c,2,4251713,26,0,7,13,32,15
s9_64_256_1.c,2,4251713,26,0,7,13,32,15
s9_64_256_2.c,2,4251713,26,0,7,13,32,15
s9_64_256_3.c,2,4251713,26,0,7,13,32,15
s9_64_256_4.c,2,4251713,26,0,7,13,32,15
s9_64_4096_0.c,2,265793,26,0,7,13,32,15
s9_64_4096_1.c,2,265793,26,0,7,13,32,15
s9_64_4096_2.c,2,265793,26,0,7,13,32,15
s9_64_4096_3.c,2,265793,26,0,7,13,32,15
s9_64_4096_4.c,2,265793,26,0,7,13,32,15
s9_64_512_0.c,2,2125889,26,0,7,13,32,15
s9_64_512_1.c,2,2125889,26,0,7,13,32,15
s9_64_512_2.c,2,2125889,26,0,7,13,32,15
s9_64_512_3.c,2,2125889,26,0,7,13,32,15
s9_64_512_4.c,2,2125889,26,0,7,13,32,15
s9_64_64_0.c,2,17006657,26,0,7,13,31,15
s9_64_64_1.c,2,17006657,26,0,7,13,31,15
s9_64_64_2.c,2,17006657,26,0,7,13,31,15
s9_64_64_3.c,2,17006657,26,0,7,13,31,15
s9_64_64_4.c,2,17006657,26,0,7,13,31,15
s9_64_8192_0.c,2,132929,26,0,7,13,32,15
s9_64_8192_1.c,2,132929,26,0,7,13,32,15
s9_64_8192_2.c,2,132929,26,0,7,13,32,15
s9_64_8192_3.c,2,132929,26,0,7,13,32,15
s9_64_8192_4.c,2,132929,26,0,7,13,32,15
s9_8192_1024_0.c,2,1056897,26,0,7,13,32,15
s9_8192_1024_1.c,2,1056897,26,0,7,13,32,15
s9_8192_1024_2.c,2,1056897,26,0,7,13,32,15
s9_8192_1024_3.c,2,1056897,26,0,7,13,32,15
s9_8192_1024_4.c,2,1056897,26,0,7,13,32,15
s9_8192_128_0.c,2,8397825,26,0,7,13,32,15
s9_8192_128_1.c,2,8397825,26,0,7,13,32,15
s9_8192_128_2.c,2,8397825,26,0,7,13,32,15
s9_8192_128_3.c,2,8397825,26,0,7,13,32,15
s9_8192_128_4.c,2,8397825,26,0,7,13,32,15
s9_8192_16384_0.c,2,73737,26,0,7,13,32,15
s9_8192_16384_1.c,2,73737,26,0,7,13,32,15
s9_8192_16384_2.c,2,73737,26,0,7,13,32,15
s9_8192_16384_3.c,2,73737,26,0,7,13,32,15
s9_8192_16384_4.c,2,73737,26,0,7,13,32,15
s9_8192_2048_0.c,2,532545,26,0,7,13,32,15
s9_8192_2048_1.c,2,532545,26,0,7,13,32,15
s9_8192_2048_2.c,2,532545,26,0,7,13,32,15
s9_8192_2048_3.c,2,532545,26,0,7,13,32,15
s9_8192_2048_4.c,2,532545,26,0,7,13,32,15
s9_8192_256_0.c,2,4203009,26,0,7,13,32,15
s9_8192_256_1.c,2,4203009,26,0,7,13,32,15
s9_8192_256_2.c,2,4203009,26,0,7,13,32,15
s9_8192_256_3.c,2,4203009,26,0,7,13,32,15
s9_8192_256_4.c,2,4203009,26,0,7,13,32,15
s9_8192_4096_0.c,2,270369,26,0,7,13,32,15
s9_8192_4096_1.c,2,270369,26,0,7,13,32,15
s9_8192_4096_2.c,2,270369,26,0,7,13,32,15
s9_8192_4096_3.c,2,270369,26,0,7,13,32,15
s9_8192_4096_4.c,2,270369,26,0,7,13,32,15
s9_8192_512_0.c,2,2105601,26,0,7,13,32,15
s9_8192_512_1.c,2,2105601,26,0,7,13,32,15
s9_8192_512_2.c,2,2105601,26,0,7,13,32,15
s9_8192_512_3.c,2,2105601,26,0,7,13,32,15
s9_8192_512_4.c,2,2105601,26,0,7,13,32,15
s9_8192_64_0.c,2,16787457,26,0,7,13,32,15
s9_8192_64_1.c,2,16787457,26,0,7,13,32,15
s9_8192_64_2.c,2,16787457,26,0,7,13,32,15
s9_8192_64_3.c,2,16787457,26,0,7,13,32,15
s9_8192_64_4.c,2,16787457,26,0,7,13,32,15
s9_8192_8192_0.c,2,139281,26,0,7,13,31,15
s9_8192_8192_1.c,2,139281,26,0,7,13,31,15
s9_8192_8192_2.c,2,139281,26,0,7,13,31,15
s9_8192_8192_3.c,2,139281,26,0,7,13,31,15
s9_8192_8192_4.c,2,139281,26,0,7,13,31,15
s9n_1024_1024_0_x.c,2,525697,54,0,7,31,57,40
s9n_1024_1024_0_y.c,2,525697,54,0,7,31,57,40
s9n_1024_1024_0_z.c,2,525697,54,0,7,31,57,40
s9n_1024_1024_1_x.c,2,525697,54,0,7,31,57,40
s9n_1024_1024_1_y.c,2,525697,54,0,7,31,57,40
s9n_1024_1024_1_z.c,2,525697,54,0,7,31,57,40
s9n_1024_1024_2_x.c,2,525697,54,0,7,31,57,40
s9n_1024_1024_2_y.c,2,525697,54,0,7,31,57,40
s9n_1024_1024_2_z.c,2,525697,54,0,7,31,57,40
s9n_1024_1024_3_x.c,2,525697,54,0,7,31,57,40
s9n_1024_1024_3_y.c,2,525697,54,0,7,31,57,40
s9n_1024_1024_3_z.c,2,525697,54,0,7,31,57,40
s9n_1024_1024_4_x.c,2,525697,54,0,7,31,57,40
s9n_1024_1024_4_y.c,2,525697,54,0,7,31,57,40
s9n_1024_1024_4_z.c,2,525697,54,0,7,31,57,40
s9n_1024_128_0_x.c,2,4201985,54,0,7,31,58,40
s9n_1024_128_0_y.c,2,4201985,54,0,7,31,58,40
s9n_1024_128_0_z.c,2,4201985,54,0,7,31,58,40
s9n_1024_128_1_x.c,2,4201985,54,0,7,31,58,40
s9n_1024_128_1_y.c,2,4201985,54,0,7,31,58,40
s9n_1024_128_1_z.c,2,4201985,54,0,7,31,58,40
s9n_1024_128_2_x.c,2,4201985,54,0,7,31,58,40
s9n_1024_128_2_y.c,2,4201985,54,0,7,31,58,40
s9n_1024_128_2_z.c,2,4201985,54,0,7,31,58,40
s9n_1024_128_3_x.c,2,4201985,54,0,7,31,58,40
s9n_1024_128_3_y.c,2,4201985,54,0,7,31,58,40
s9n_1024_128_3_z.c,2,4201985,54,0,7,31,58,40
s9n_1024_128_4_x.c,2,4201985,54,0,7,31,58,40
s9n_1024_128_4_y.c,2,4201985,54,0,7,31,58,40
s9n_1024_128_4_z.c,2,4201985,54,0,7,31,58,40
s9n_1024_16384_0_x.c,2,33337,54,0,7,31,58,40
s9n_1024_16384_0_y.c,2,33337,54,0,7,31,58,40
s9n_1024_16384_0_z.c,2,33337,54,0,7,31,58,40
s9n_1024_16384_1_x.c,2,33337,54,0,7,31,58,40
s9n_1024_16384_1_y.c,2,33337,54,0,7,31,58,40
s9n_1024_16384_1_z.c,2,33337,54,0,7,31,58,40
s9n_1024_16384_2_x.c,2,33337,54,0,7,31,58,40
s9n_1024_16384_2_y.c,2,33337,54,0,7,31,58,40
s9n_1024_16384_2_z.c,2,33337,54,0,7,31,58,40
s9n_1024_16384_3_x.c,2,33337,54,0,7,31,58,40
s9n_1024_16384_3_y.c,2,33337,54,0,7,31,58,40
s9n_1024_16384_3_z.c,2,33337,54,0,7,31,58,40
s9n_1024_16384_4_x.c,2,33337,54,0,7,31,58,40
s9n_1024_16384_4_y.c,2,33337,54,0,7,31,58,40
s9n_1024_16384_4_z.c,2,33337,54,0,7,31,58,40
s9n_1024_2048_0_x.c,2,263105,54,0,7,31,58,40
s9n_1024_2048_0_y.c,2,263105,54,0,7,31,58,40
s9n_1024_2048_0_z.c,2,263105,54,0,7,31,58,40
s9n_1024_2048_1_x.c,2,263105,54,0,7,31,58,40
s9n_1024_2048_1_y.c,2,263105,54,0,7,31,58,40
s9n_1024_2048_1_z.c,2,263105,54,0,7,31,58,40
s9n_1024_2048_2_x.c,2,263105,54,0,7,31,58,40
s9n_1024_2048_2_y.c,2,263105,54,0,7,31,58,40
s9n_1024_2048_2_z.c,2,263105,54,0,7,31,58,40
s9n_1024_2048_3_x.c,2,263105,54,0,7,31,58,40
s9n_1024_2048_3_y.c,2,263105,54,0,7,31,58,40
s9n_1024_2048_3_z.c,2,263105,54,0,7,31,58,40
s9n_1024_2048_4_x.c,2,263105,54,0,7,31,58,40
s9n_1024_2048_4_y.c,2,263105,54,0,7,31,58,40
s9n_1024_2048_4_z.c,2,263105,54,0,7,31,58,40
s9n_1024_256_0_x.c,2,2101249,54,0,7,31,58,40
s9n_1024_256_0_y.c,2,2101249,54,0,7,31,58,40
s9n_1024_256_0_z.c,2,2101249,54,0,7,31,58,40
s9n_1024_256_1_x.c,2,2101249,54,0,7,31,58,40
s9n_1024_256_1_y.c,2,2101249,54,0,7,31,58,40
s9n_1024_256_1_z.c,2,2101249,54,0,7,31,58,40
s9n_1024_256_2_x.c,2,2101249,54,0,7,31,58,40
s9n_1024_256_2_y.c,2,2101249,54,0,7,31,58,40
s9n_1024_256_2_z.c,2,2101249,54,0,7,31,58,40
s9n_1024_256_3_x.c,2,2101249,54,0,7,31,58,40
s9n_1024_256_3_y.c,2,2101249,54,0,7,31,58,40
s9n_1024_256_3_z.c,2,2101249,54,0,7,31,58,40
s9n_1024_256_4_x.c,2,2101249,54,0,7,31,58,40
s9n_1024_256_4_y.c,2,2101249,54,0,7,31,58,40
s9n_1024_256_4_z.c,2,2101249,54,0,7,31,58,40
s9n_1024_4096_0_x.c,2,131809,54,0,7,31,58,40
s9n_1024_4096_0_y.c,2,131809,54,0,7,31,58,40
s9n_1024_4096_0_z.c,2,131809,54,0,7,31,58,40
s9n_1024_4096_1_x.c,2,131809,54,0,7,31,58,40
s9n_1024_4096_1_y.c,2,131809,54,0,7,31,58,40
s9n_1024_4096_1_z.c,2,131809,54,0,7,31,58,40
s9n_1024_4096_2_x.c,2,131809,54,0,7,31,58,40
s9n_1024_4096_2_y.c,2,131809,54,0,7,31,58,40
s9n_1024_4096_2_z.c,2,131809,54,0,7,31,58,40
s9n_1024_4096_3_x.c,2,131809,54,0,7,31,58,40
s9n_1024_4096_3_y.c,2,131809,54,0,7,31,58,40
s9n_1024_4096_3_z.c,2,131809,54,0,7,31,58,40
s9n_1024_4096_4_x.c,2,131809,54,0,7,31,58,40
s9n_1024_4096_4_y.c,2,131809,54,0,7,31,58,40
s9n_1024_4096_4_z.c,2,131809,54,0,7,31,58,40
s9n_1024_512_0_x.c,2,1050881,54,0,7,31,58,40
s9n_1024_512_0_y.c,2,1050881,54,0,7,31,58,40
s9n_1024_512_0_z.c,2,1050881,54,0,7,31,58,40
s9n_1024_512_1_x.c,2,1050881,54,0,7,31,58,40
s9n_1024_512_1_y.c,2,1050881,54,0,7,31,58,40
s9n_1024_512_1_z.c,2,1050881,54,0,7,31,58,40
s9n_1024_512_2_x.c,2,1050881,54,0,7,31,58,40
s9n_1024_512_2_y.c,2,1050881,54,0,7,31,58,40
s9n_1024_512_2_z.c,2,1050881,54,0,7,31,58,40
s9n_1024_512_3_x.c,2,1050881,54,0,7,31,58,40
s9n_1024_512_3_y.c,2,1050881,54,0,7,31,58,40
s9n_1024_512_3_z.c,2,1050881,54,0,7,31,58,40
s9n_1024_512_4_x.c,2,1050881,54,0,7,31,58,40
s9n_1024_512_4_y.c,2,1050881,54,0,7,31,58,40
s9n_1024_512_4_z.c,2,1050881,54,0,7,31,58,40
s9n_1024_64_0_x.c,2,8403457,54,0,7,31,58,40
s9n_1024_64_0_y.c,2,8403457,54,0,7,31,58,40
s9n_1024_64_0_z.c,2,8403457,54,0,7,31,58,40
s9n_1024_64_1_x.c,2,8403457,54,0,7,31,58,40
s9n_1024_64_1_y.c,2,8403457,54,0,7,31,58,40
s9n_1024_64_1_z.c,2,8403457,54,0,7,31,58,40
s9n_1024_64_2_x.c,2,8403457,54,0,7,31,58,40
s9n_1024_64_2_y.c,2,8403457,54,0,7,31,58,40
s9n_1024_64_2_z.c,2,8403457,54,0,7,31,58,40
s9n_1024_64_3_x.c,2,8403457,54,0,7,31,58,40
s9n_1024_64_3_y.c,2,8403457,54,0,7,31,58,40
s9n_1024_64_3_z.c,2,8403457,54,0,7,31,58,40
s9n_1024_64_4_x.c,2,8403457,54,0,7,31,58,40
s9n_1024_64_4_y.c,2,8403457,54,0,7,31,58,40
s9n_1024_64_4_z.c,2,8403457,54,0,7,31,58,40
s9n_1024_8192_0_x.c,2,66161,54,0,7,31,58,40
s9n_1024_8192_0_y.c,2,66161,54,0,7,31,58,40
s9n_1024_8192_0_z.c,2,66161,54,0,7,31,58,40
s9n_1024_8192_1_x.c,2,66161,54,0,7,31,58,40
s9n_1024_8192_1_y.c,2,66161,54,0,7,31,58,40
s9n_1024_8192_1_z.c,2,66161,54,0,7,31,58,40
s9n_1024_8192_2_x.c,2,66161,54,0,7,31,58,40
s9n_1024_8192_2_y.c,2,66161,54,0,7,31,58,40
s9n_1024_8192_2_z.c,2,66161,54,0,7,31,58,40
s9n_1024_8192_3_x.c,2,66161,54,0,7,31,58,40
s9n_1024_8192_3_y.c,2,66161,54,0,7,31,58,40
s9n_1024_8192_3_z.c,2,66161,54,0,7,31,58,40
s9n_1024_8192_4_x.c,2,66161,54,0,7,31,58,40
s9n_1024_8192_4_y.c,2,66161,54,0,7,31,58,40
s9n_1024_8192_4_z.c,2,66161,54,0,7,31,58,40
s9n_128_1024_0_x.c,2,531521,54,0,7,31,58,40
s9n_128_1024_0_y.c,2,531521,54,0,7,31,58,40
s9n_128_1024_0_z.c,2,531521,54,0,7,31,58,40
s9n_128_1024_1_x.c,2,531521,54,0,7,31,58,40
s9n_128_1024_1_y.c,2,531521,54,0,7,31,58,40
s9n_128_1024_1_z.c,2,531521,54,0,7,31,58,40
s9n_128_1024_2_x.c,2,531521,54,0,7,31,58,40
s9n_128_1024_2_y.c,2,531521,54,0,7,31,58,40
s9n_128_1024_2_z.c,2,531521,54,0,7,31,58,40
s9n_128_1024_3_x.c,2,531521,54,0,7,31,58,40
s9n_128_1024_3_y.c,2,531521,54,0,7,31,58,40
s9n_128_1024_3_z.c,2,531521,54,0,7,31,58,40
s9n_128_1024_4_x.c,2,531521,54,0,7,31,58,40
s9n_128_1024_4_y.c,2,531521,54,0,7,31,58,40
s9n_128_1024_4_z.c,2,531521,54,0,7,31,58,40
s9n_128_128_0_x.c,2,4251713,54,0,7,31,57,40
s9n_128_128_0_y.c,2,4251713,54,0,7,31,57,40
s9n_128_128_0_z.c,2,4251713,54,0,7,31,57,40
s9n_128_128_1_x.c,2,4251713,54,0,7,31,57,40
s9n_128_128_1_y.c,2,4251713,54,0,7,31,57,40
s9n_128_128_1_z.c,2,4251713,54,0,7,31,57,40
s9n_128_128_2_x.c,2,4251713,54,0,7,31,57,40
s9n_128_128_2_y.c,2,4251713,54,0,7,31,57,40
s9n_128_128_2_z.c,2,4251713,54,0,7,31,57,40
s9n_128_128_3_x.c,2,4251713,54,0,7,31,57,40
s9n_128_128_3_y.c,2,4251713,54,0,7,31,57,40
s9n_128_128_3_z.c,2,4251713,54,0,7,31,57,40
s9n_128_128_4_x.c,2,4251713,54,0,7,31,57,40
s9n_128_128_4_y.c,2,4251713,54,0,7,31,57,40
s9n_128_128_4_z.c,2,4251713,54,0,7,31,57,40
s9n_128_16384_0_x.c,2,33281,54,0,7,31,58,40
s9n_128_16384_0_y.c,2,33281,54,0,7,31,58,40
s9n_128_16384_0_z.c,2,33281,54,0,7,31,58,40
s9n_128_16384_1_x.c,2,33281,54,0,7,31,58,40
s9n_128_16384_1_y.c,2,33281,54,0,7,31,58,40
s9n_128_16384_1_z.c,2,33281,54,0,7,31,58,40
s9n_128_16384_2_x.c,2,33281,54,0,7,31,58,40
s9n_128_16384_2_y.c,2,33281,54,0,7,31,58,40
s9n_128_16384_2_z.c,2,33281,54,0,7,31,58,40
s9n_128_16384_3_x.c,2,33281,54,0,7,31,58,40
s9n_128_16384_3_y.c,2,33281,54,0,7,31,58,40
s9n_128_16384_3_z.c,2,33281,54,0,7,31,58,40
s9n_128_16384_4_x.c,2,33281,54,0,7,31,58,40
s9n_128_16384_4_y.c,2,33281,54,0,7,31,58,40
s9n_128_16384_4_z.c,2,33281,54,0,7,31,58,40
s9n_128_2048_0_x.c,2,265793,54,0,7,31,58,40
s9n_128_2048_0_y.c,2,265793,54,0,7,31,58,40
s9n_128_2048_0_z.c,2,265793,54,0,7,31,58,40
s9n_128_2048_1_x.c,2,265793,54,0,7,31,58,40
s9n_128_2048_1_y.c,2,265793,54,0,7,31,58,40
s9n_128_2048_1_z.c,2,265793,54,0,7,31,58,40
s9n_128_2048_2_x.c,2,265793,54,0,7,31,58,40
s9n_128_2048_2_y.c,2,265793,54,0,7,31,58,40
s9n_128_2048_2_z.c,2,265793,54,0,7,31,58,40
s9n_128_2048_3_x.c,2,265793,54,0,7,31,58,40
s9n_128_2048_3_y.c,2,265793,54,0,7,31,58,40
s9n_128_2048_3_z.c,2,265793,54,0,7,31,58,40
s9n_128_2048_4_x.c,2,265793,54,0,7,31,58,40
s9n_128_2048_4_y.c,2,265793,54,0,7,31,58,40
s9n_128_2048_4_z.c,2,265793,54,0,7,31,58,40
s9n_128_256_0_x.c,2,2125889,54,0,7,31,58,40
s9n_128_256_0_y.c,2,2125889,54,0,7,31,58,40
s9n_128_256_0_z.c,2,2125889,54,0,7,31,58,40
s9n_128_256_1_x.c,2,2125889,54,0,7,31,58,40
s9n_128_256_1_y.c,2,2125889,54,0,7,31,58,40
s9n_128_256_1_z.c,2,2125889,54,0,7,31,58,40
s9n_128_256_2_x.c,2,2125889,54,0,7,31,58,40
s9n_128_256_2_y.c,2,2125889,54,0,7,31,58,40
s9n_128_256_2_z.c,2,2125889,54,0,7,31,58,40
s9n_128_256_3_x.c,2,2125889,54,0,7,31,58,40
s9n_128_256_3_y.c,2,2125889,54,0,7,31,58,40
s9n_128_256_3_z.c,2,2125889,54,0,7,31,58,40
s9n_128_256_4_x.c,2,2125889,54,0,7,31,58,40
s9n_128_256_4_y.c,2,2125889,54,0,7,31,58,40
s9n_128_256_4_z.c,2,2125889,54,0,7,31,58,40
s9n_128_4096_0_x.c,2,132929,54,0,7,31,58,40
s9n_128_4096_0_y.c,2,132929,54,0,7,31,58,40
s9n_128_4096_0_z.c,2,132929,54,0,7,31,58,40
s9n_128_4096_1_x.c,2,132929,54,0,7,31,58,40
s9n_128_4096_1_y.c,2,132929,54,0,7,31,58,40
s9n_128_4096_1_z.c,2,132929,54,0,7,31,58,40
s9n_128_4096_2_x.c,2,132929,54,0,7,31,58,40
s9n_128_4096_2_y.c,2,132929,54,0,7,31,58,40
s9n_128_4096_2_z.c,2,132929,54,0,7,31,58,40
s9n_128_4096_3_x.c,2,132929,54,0,7,31,58,40
s9n_128_4096_3_y.c,2,132929,54,0,7,31,58,40
s9n_128_4096_3_z.c,2,132929,54,0,7,31,58,40
s9n_128_4096_4_x.c,2,132929,54,0,7,31,58,40
s9n_128_4096_4_y.c,2,132929,54,0,7,31,58,40
s9n_128_4096_4_z.c,2,132929,54,0,7,31,58,40
s9n_128_512_0_x.c,2,1062977,54,0,7,31,58,40
s9n_128_512_0_y.c,2,1062977,54,0,7,31,58,40
s9n_128_512_0_z.c,2,1062977,54,0,7,31,58,40
s9n_128_512_1_x.c,2,1062977,54,0,7,31,58,40
s9n_128_512_1_y.c,2,1062977,54,0,7,31,58,40
s9n_128_512_1_z.c,2,1062977,54,0,7,31,58,40
s9n_128_512_2_x.c,2,1062977,54,0,7,31,58,40
s9n_128_512_2_y.c,2,1062977,54,0,7,31,58,40
s9n_128_512_2_z.c,2,1062977,54,0,7,31,58,40
s9n_128_512_3_x.c,2,1062977,54,0,7,31,58,40
s9n_128_512_3_y.c,2,1062977,54,0,7,31,58,40
s9n_128_512_3_z.c,2,1062977,54,0,7,31,58,40
s9n_128_512_4_x.c,2,1062977,54,0,7,31,58,40
s9n_128_512_4_y.c,2,1062977,54,0,7,31,58,40
s9n_128_512_4_z.c,2,1062977,54,0,7,31,58,40
s9n_128_64_0_x.c,2,8503361,54,0,7,31,58,40
s9n_128_64_0_y.c,2,8503361,54,0,7,31,58,40
s9n_128_64_0_z.c,2,8503361,54,0,7,31,58,40
s9n_128_64_1_x.c,2,8503361,54,0,7,31,58,40
s9n_128_64_1_y.c,2,8503361,54,0,7,31,58,40
s9n_128_64_1_z.c,2,8503361,54,0,7,31,58,40
s9n_128_64_2_x.c,2,8503361,54,0,7,31,58,40
s9n_128_64_2_y.c,2,8503361,54,0,7,31,58,40
s9n_128_64_2_z.c,2,8503361,54,0,7,31,58,40
s9n_128_64_3_x.c,2,8503361,54,0,7,31,58,40
s9n_128_64_3_y.c,2,8503361,54,0,7,31,58,40
s9n_128_64_3_z.c,2,8503361,54,0,7,31,58,40
s9n_128_64_4_x.c,2,8503361,54,0,7,31,58,40
s9n_128_64_4_y.c,2,8503361,54,0,7,31,58,40
s9n_128_64_4_z.c,2,8503361,54,0,7,31,58,40
s9n_128_8192_0_x.c,2,66497,54,0,7,31,58,40
s9n_128_8192_0_y.c,2,66497,54,0,7,31,58,40
s9n_128_8192_0_z.c,2,66497,54,0,7,31,58,40
s9n_128_8192_1_x.c,2,66497,54,0,7,31,58,40
s9n_128_8192_1_y.c,2,66497,54,0,7,31,58,40
s9n_128_8192_1_z.c,2,66497,54,0,7,31,58,40
s9n_128_8192_2_x.c,2,66497,54,0,7,31,58,40
s9n_128_8192_2_y.c,2,66497,54,0,7,31,58,40
s9n_128_8192_2_z.c,2,66497,54,0,7,31,58,40
s9n_128_8192_3_x.c,2,66497,54,0,7,31,58,40
s9n_128_8192_3_y.c,2,66497,54,0,7,31,58,40
s9n_128_8192_3_z.c,2,66497,54,0,7,31,58,40
s9n_128_8192_4_x.c,2,66497,54,0,7,31,58,40
s9n_128_8192_4_y.c,2,66497,54,0,7,31,58,40
s9n_128_8192_4_z.c,2,66497,54,0,7,31,58,40
s9n_16384_1024_0_x.c,2,532545,54,0,7,31,58,40
s9n_16384_1024_0_y.c,2,532545,54,0,7,31,58,40
s9n_16384_1024_0_z.c,2,532545,54,0,7,31,58,40
s9n_16384_1024_1_x.c,2,532545,54,0,7,31,58,40
s9n_16384_1024_1_y.c,2,532545,54,0,7,31,58,40
s9n_16384_1024_1_z.c,2,532545,54,0,7,31,58,40
s9n_16384_1024_2_x.c,2,532545,54,0,7,31,58,40
s9n_16384_1024_2_y.c,2,532545,54,0,7,31,58,40
s9n_16384_1024_2_z.c,2,532545,54,0,7,31,58,40
s9n_16384_1024_3_x.c,2,532545,54,0,7,31,58,40
s9n_16384_1024_3_y.c,2,532545,54,0,7,31,58,40
s9n_16384_1024_3_z.c,2,532545,54,0,7,31,58,40
s9n_16384_1024_4_x.c,2,532545,54,0,7,31,58,40
s9n_16384_1024_4_y.c,2,532545,54,0,7,31,58,40
s9n_16384_1024_4_z.c,2,532545,54,0,7,31,58,40
s9n_16384_128_0_x.c,2,4203009,54,0,7,31,58,40
s9n_16384_128_0_y.c,2,4203009,54,0,7,31,58,40
s9n_16384_128_0_z.c,2,4203009,54,0,7,31,58,40
s9n_16384_128_1_x.c,2,4203009,54,0,7,31,58,40
s9n_16384_128_1_y.c,2,4203009,54,0,7,31,58,40
s9n_16384_128_1_z.c,2,4203009,54,0,7,31,58,40
s9n_16384_128_2_x.c,2,4203009,54,0,7,31,58,40
s9n_16384_128_2_y.c,2,4203009,54,0,7,31,58,40
s9n_16384_128_2_z.c,2,4203009,54,0,7,31,58,40
s9n_16384_128_3_x.c,2,4203009,54,0,7,31,58,40
s9n_16384_128_3_y.c,2,4203009,54,0,7,31,58,40
s9n_16384_128_3_z.c,2,4203009,54,0,7,31,58,40
s9n_16384_128_4_x.c,2,4203009,54,0,7,31,58,40
s9n_16384_128_4_y.c,2,4203009,54,0,7,31,58,40
s9n_16384_128_4_z.c,2,4203009,54,0,7,31,58,40
s9n_16384_16384_0_x.c,2,40965,54,0,7,31,57,40
s9n_16384_16384_0_y.c,2,40965,54,0,7,31,57,40
s9n_16384_16384_0_z.c,2,40965,54,0,7,31,57,40
s9n_16384_16384_1_x.c,2,40965,54,0,7,31,57,40
s9n_16384_16384_1_y.c,2,40965,54,0,7,31,57,40
s9n_16384_16384_1_z.c,2,40965,54,0,7,31,57,40
s9n_16384_16384_2_x.c,2,40965,54,0,7,31,57,40
s9n_16384_16384_2_y.c,2,40965,54,0,7,31,57,40
s9n_16384_16384_2_z.c,2,40965,54,0,7,31,57,40
s9n_16384_16384_3_x.c,2,40965,54,0,7,31,57,40
s9n_16384_16384_3_y.c,2,40965,54,0,7,31,57,40
s9n_16384_16384_3_z.c,2,40965,54,0,7,31,57,40
s9n_16384_16384_4_x.c,2,40965,54,0,7,31,57,40
s9n_16384_16384_4_y.c,2,40965,54,0,7,31,57,40
s9n_16384_16384_4_z.c,2,40965,54,0,7,31,57,40
s9n_16384_2048_0_x.c,2,270369,54,0,7,31,58,40
s9n_16384_2048_0_y.c,2,270369,54,0,7,31,58,40
s9n_16384_2048_0_z.c,2,270369,54,0,7,31,58,40
s9n_16384_2048_1_x.c,2,270369,54,0,7,31,58,40
s9n_16384_2048_1_y.c,2,270369,54,0,7,31,58,40
s9n_16384_2048_1_z.c,2,270369,54,0,7,31,58,40
s9n_16384_2048_2_x.c,2,270369,54,0,7,31,58,40
s9n_16384_2048_2_y.c,2,270369,54,0,7,31,58,40
s9n_16384_2048_2_z.c,2,270369,54,0,7,31,58,40
s9n_16384_2048_3_x.c,2,270369,54,0,7,31,58,40
s9n_16384_2048_3_y.c,2,270369,54,0,7,31,58,40
s9n_16384_2048_3_z.c,2,270369,54,0,7,31,58,40
s9n_16384_2048_4_x.c,2,270369,54,0,7,31,58,40
s9n_16384_2048_4_y.c,2,270369,54,0,7,31,58,40
s9n_16384_2048_4_z.c,2,270369,54,0,7,31,58,40
s9n_16384_256_0_x.c,2,2105601,54,0,7,31,58,40
s9n_16384_256_0_y.c,2,2105601,54,0,7,31,58,40
s9n_16384_256_0_z.c,2,2105601,54,0,7,31,58,40
s9n_16384_256_1_x.c,2,2105601,54,0,7,31,58,40
s9n_16384_256_1_y.c,2,2105601,54,0,7,31,58,40
s9n_16384_256_1_z.c,2,2105601,54,0,7,31,58,40
s9n_16384_256_2_x.c,2,2105601,54,0,7,31,58,40
s9n_16384_256_2_y.c,2,2105601,54,0,7,31,58,40
s9n_16384_256_2_z.c,2,2105601,54,0,7,31,58,40
s9n_16384_256_3_x.c,2,2105601,54,0,7,31,58,40
s9n_16384_256_3_y.c,2,2105601,54,0,7,31,58,40
s9n_16384_256_3_z.c,2,2105601,54,0,7,31,58,40
s9n_16384_256_4_x.c,2,2105601,54,0,7,31,58,40
s9n_16384_256_4_y.c,2,2105601,54,0,7,31,58,40
s9n_16384_256_4_z.c,2,2105601,54,0,7,31,58,40
s9n_16384_4096_0_x.c,2,139281,54,0,7,31,58,40
s9n_16384_4096_0_y.c,2,139281,54,0,7,31,58,40
s9n_16384_4096_0_z.c,2,139281,54,0,7,31,58,40
s9n_16384_4096_1_x.c,2,139281,54,0,7,31,58,40
s9n_16384_4096_1_y.c,2,139281,54,0,7,31,58,40
s9n_16384_4096_1_z.c,2,139281,54,0,7,31,58,40
s9n_16384_4096_2_x.c,2,139281,54,0,7,31,58,40
s9n_16384_4096_2_y.c,2,139281,54,0,7,31,58,40
s9n_16384_4096_2_z.c,2,139281,54,0,7,31,58,40
s9n_16384_4096_3_x.c,2,139281,54,0,7,31,58,40
s9n_16384_4096_3_y.c,2,139281,54,0,7,31,58,40
s9n_16384_4096_3_z.c,2,139281,54,0,7,31,58,40
s9n_16384_4096_4_x.c,2,139281,54,0,7,31,58,40
s9n_16384_4096_4_y.c,2,139281,54,0,7,31,58,40
s9n_16384_4096_4_z.c,2,139281,54,0,7,31,58,40
s9n_16384_512_0_x.c,2,1056897,54,0,7,31,58,40
s9n_16384_512_0_y.c,2,1056897,54,0,7,31,58,40
s9n_16384_512_0_z.c,2,1056897,54,0,7,31,58,40
s9n_16384_512_1_x.c,2,1056897,54,0,7,31,58,40
s9n_16384_512_1_y.c,2,1056897,54,0,7,31,58,40
s9n_16384_512_1_z.c,2,1056897,54,0,7,31,58,40
s9n_16384_512_2_x.c,2,1056897,54,0,7,31,58,40
s9n_16384_512_2_y.c,2,1056897,54,0,7,31,58,40
s9n_16384_512_2_z.c,2,1056897,54,0,7,31,58,40
s9n_16384_512_3_x.c,2,1056897,54,0,7,31,58,40
s9n_16384_512_3_y.c,2,1056897,54,0,7,31,58,40
s9n_16384_512_3_z.c,2,1056897,54,0,7,31,58,40
s9n_16384_512_4_x.c,2,1056897,54,0,7,31,58,40
s9n_16384_512_4_y.c,2,1056897,54,0,7,31,58,40
s9n_16384_512_4_z.c,2,1056897,54,0,7,31,58,40
s9n_16384_64_0_x.c,2,8397825,54,0,7,31,58,40
s9n_16384_64_0_y.c,2,8397825,54,0,7,31,58,40
s9n_16384_64_0_z.c,2,8397825,54,0,7,31,58,40
s9n_16384_64_1_x.c,2,8397825,54,0,7,31,58,40
s9n_16384_64_1_y.c,2,8397825,54,0,7,31,58,40
s9n_16384_64_1_z.c,2,8397825,54,0,7,31,58,40
s9n_16384_64_2_x.c,2,8397825,54,0,7,31,58,40
s9n_16384_64_2_y.c,2,8397825,54,0,7,31,58,40
s9n_16384_64_2_z.c,2,8397825,54,0,7,31,58,40
s9n_16384_64_3_x.c,2,8397825,54,0,7,31,58,40
s9n_16384_64_3_y.c,2,8397825,54,0,7,31,58,40
s9n_16384_64_3_z.c,2,8397825,54,0,7,31,58,40
s9n_16384_64_4_x.c,2,8397825,54,0,7,31,58,40
s9n_16384_64_4_y.c,2,8397825,54,0,7,31,58,40
s9n_16384_64_4_z.c,2,8397825,54,0,7,31,58,40
s9n_16384_8192_0_x.c,2,73737,54,0,7,31,58,40
s9n_16384_8192_0_y.c,2,73737,54,0,7,31,58,40
s9n_16384_8192_0_z.c,2,73737,54,0,7,31,58,40
s9n_16384_8192_1_x.c,2,73737,54,0,7,31,58,40
s9n_16384_8192_1_y.c,2,73737,54,0,7,31,58,40
s9n_16384_8192_1_z.c,2,73737,54,0,7,31,58,40
s9n_16384_8192_2_x.c,2,73737,54,0,7,31,58,40
s9n_16384_8192_2_y.c,2,73737,54,0,7,31,58,40
s9n_16384_8192_2_z.c,2,73737,54,0,7,31,58,40
s9n_16384_8192_3_x.c,2,73737,54,0,7,31,58,40
s9n_16384_8192_3_y.c,2,73737,54,0,7,31,58,40
s9n_16384_8192_3_z.c,2,73737,54,0,7,31,58,40
s9n_16384_8192_4_x.c,2,73737,54,0,7,31,58,40
s9n_16384_8192_4_y.c,2,73737,54,0,7,31,58,40
s9n_16384_8192_4_z.c,2,73737,54,0,7,31,58,40
s9n_2048_1024_0_x.c,2,525761,54,0,7,31,58,40
s9n_2048_1024_0_y.c,2,525761,54,0,7,31,58,40
s9n_2048_1024_0_z.c,2,525761,54,0,7,31,58,40
s9n_2048_1024_1_x.c,2,525761,54,0,7,31,58,40
s9n_2048_1024_1_y.c,2,525761,54,0,7,31,58,40
s9n_2048_1024_1_z.c,2,525761,54,0,7,31,58,40
s9n_2048_1024_2_x.c,2,525761,54,0,7,31,58,40
s9n_2048_1024_2_y.c,2,525761,54,0,7,31,58,40
s9n_2048_1024_2_z.c,2,525761,54,0,7,31,58,40
s9n_2048_1024_3_x.c,2,525761,54,0,7,31,58,40
s9n_2048_1024_3_y.c,2,525761,54,0,7,31,58,40
s9n_2048_1024_3_z.c,2,525761,54,0,7,31,58,40
s9n_2048_1024_4_x.c,2,525761,54,0,7,31,58,40
s9n_2048_1024_4_y.c,2,525761,54,0,7,31,58,40
s9n_2048_1024_4_z.c,2,525761,54,0,7,31,58,40
s9n_2048_128_0_x.c,2,4198913,54,0,7,31,58,40
s9n_2048_128_0_y.c,2,4198913,54,0,7,31,58,40
s9n_2048_128_0_z.c,2,4198913,54,0,7,31,58,40
s9n_2048_128_1_x.c,2,4198913,54,0,7,31,58,40
s9n_2048_128_1_y.c,2,4198913,54,0,7,31,58,40
s9n_2048_128_1_z.c,2,4198913,54,0,7,31,58,40
s9n_2048_128_2_x.c,2,4198913,54,0,7,31,58,40
s9n_2048_128_2_y.c,2,4198913,54,0,7,31,58,40
s9n_2048_128_2_z.c,2,4198913,54,0,7,31,58,40
s9n_2048_128_3_x.c,2,4198913,54,0,7,31,58,40
s9n_2048_128_3_y.c,2,4198913,54,0,7,31,58,40
s9n_2048_128_3_z.c,2,4198913,54,0,7,31,58,40
s9n_2048_128_4_x.c,2,4198913,54,0,7,31,58,40
s9n_2048_128_4_y.c,2,4198913,54,0,7,31,58,40
s9n_2048_128_4_z.c,2,4198913,54,0,7,31,58,40
s9n_2048_16384_0_x.c,2,33821,54,0,7,31,58,40
s9n_2048_16384_0_y.c,2,33821,54,0,7,31,58,40
s9n_2048_16384_0_z.c,2,33821,54,0,7,31,58,40
s9n_2048_16384_1_x.c,2,33821,54,0,7,31,58,40
s9n_2048_16384_1_y.c,2,33821,54,0,7,31,58,40
s9n_2048_16384_1_z.c,2,33821,54,0,7,31,58,40
s9n_2048_16384_2_x.c,2,33821,54,0,7,31,58,40
s9n_2048_16384_2_y.c,2,33821,54,0,7,31,58,40
s9n_2048_16384_2_z.c,2,33821,54,0,7,31,58,40
s9n_2048_16384_3_x.c,2,33821,54,0,7,31,58,40
s9n_2048_16384_3_y.c,2,33821,54,0,7,31,58,40
s9n_2048_16384_3_z.c,2,33821,54,0,7,31,58,40
s9n_2048_16384_4_x.c,2,33821,54,0,7,31,58,40
s9n_2048_16384_4_y.c,2,33821,54,0,7,31,58,40
s9n_2048_16384_4_z.c,2,33821,54,0,7,31,58,40
s9n_2048_2048_0_x.c,2,263393,54,0,7,31,57,40
s9n_2048_2048_0_y.c,2,263393,54,0,7,31,57,40
s9n_2048_2048_0_z.c,2,263393,54,0,7,31,57,40
s9n_2048_2048_1_x.c,2,263393,54,0,7,31,57,40
s9n_2048_2048_1_y.c,2,263393,54,0,7,31,57,40
s9n_2048_2048_1_z.c,2,263393,54,0,7,31,57,40
s9n_2048_2048_2_x.c,2,263393,54,0,7,31,57,40
s9n_2048_2048_2_y.c,2,263393,54,0,7,31,57,40
s9n_2048_2048_2_z.c,2,263393,54,0,7,31,57,40
s9n_2048_2048_3_x.c,2,263393,54,0,7,31,57,40
s9n_2048_2048_3_y.c,2,263393,54,0,7,31,57,40
s9n_2048_2048_3_z.c,2,263393,54,0,7,31,57,40
s9n_2048_2048_4_x.c,2,263393,54,0,7,31,57,40
s9n_2048_2048_4_y.c,2,263393,54,0,7,31,57,40
s9n_2048_2048_4_z.c,2,263393,54,0,7,31,57,40
s9n_2048_256_0_x.c,2,2099969,54,0,7,31,58,40
s9n_2048_256_0_y.c,2,2099969,54,0,7,31,58,40
s9n_2048_256_0_z.c,2,2099969,54,0,7,31,58,40
s9n_2048_256_1_x.c,2,2099969,54,0,7,31,58,40
s9n_2048_256_1_y.c,2,2099969,54,0,7,31,58,40
s9n_2048_256_1_z.c,2,2099969,54,0,7,31,58,40
s9n_2048_256_2_x.c,2,2099969,54,0,7,31,58,40
s9n_2048_256_2_y.c,2,2099969,54,0,7,31,58,40
s9n_2048_256_2_z.c,2,2099969,54,0,7,31,58,40
s9n_2048_256_3_x.c,2,2099969,54,0,7,31,58,40
s9n_2048_256_3_y.c,2,2099969,54,0,7,31,58,40
s9n_2048_256_3_z.c,2,2099969,54,0,7,31,58,40
s9n_2048_256_4_x.c,2,2099969,54,0,7,31,58,40
s9n_2048_256_4_y.c,2,2099969,54,0,7,31,58,40
s9n_2048_256_4_z.c,2,2099969,54,0,7,31,58,40
s9n_2048_4096_0_x.c,2,132209,54,0,7,31,58,40
s9n_2048_4096_0_y.c,2,132209,54,0,7,31,58,40
s9n_2048_4096_0_z.c,2,132209,54,0,7,31,58,40
s9n_2048_4096_1_x.c,2,132209,54,0,7,31,58,40
s9n_2048_4096_1_y.c,2,132209,54,0,7,31,58,40
s9n_2048_4096_1_z.c,2,132209,54,0,7,31,58,40
s9n_2048_4096_2_x.c,2,132209,54,0,7,31,58,40
s9n_2048_4096_2_y.c,2,132209,54,0,7,31,58,40
s9n_2048_4096_2_z.c,2,132209,54,0,7,31,58,40
s9n_2048_4096_3_x.c,2,132209,54,0,7,31,58,40
s9n_2048_4096_3_y.c,2,132209,54,0,7,31,58,40
s9n_2048_4096_3_z.c,2,132209,54,0,7,31,58,40
s9n_2048_4096_4_x.c,2,132209,54,0,7,31,58,40
s9n_2048_4096_4_y.c,2,132209,54,0,7,31,58,40
s9n_2048_4096_4_z.c,2,132209,54,0,7,31,58,40
s9n_2048_512_0_x.c,2,1050497,54,0,7,31,58,40
s9n_2048_512_0_y.c,2,1050497,54,0,7,31,58,40
s9n_2048_512_0_z.c,2,1050497,54,0,7,31,58,40
s9n_2048_512_1_x.c,2,1050497,54,0,7,31,58,40
s9n_2048_512_1_y.c,2,1050497,54,0,7,31,58,40
s9n_2048_512_1_z.c,2,1050497,54,0,7,31,58,40
s9n_2048_512_2_x.c,2,1050497,54,0,7,31,58,40
s9n_2048_512_2_y.c,2,1050497,54,0,7,31,58,40
s9n_2048_512_2_z.c,2,1050497,54,0,7,31,58,40
s9n_2048_512_3_x.c,2,1050497,54,0,7,31,58,40
s9n_2048_512_3_y.c,2,1050497,54,0,7,31,58,40
s9n_2048_512_3_z.c,2,1050497,54,0,7,31,58,40
s9n_2048_512_4_x.c,2,1050497,54,0,7,31,58,40
s9n_2048_512_4_y.c,2,1050497,54,0,7,31,58,40
s9n_2048_512_4_z.c,2,1050497,54,0,7,31,58,40
s9n_2048_64_0_x.c,2,8396801,54,0,7,31,58,40
s9n_2048_64_0_y.c,2,8396801,54,0,7,31,58,40
s9n_2048_64_0_z.c,2,8396801,54,0,7,31,58,40
s9n_2048_64_1_x.c,2,8396801,54,0,7,31,58,40
s9n_2048_64_1_y.c,2,8396801,54,0,7,31,58,40
s9n_2048_64_1_z.c,2,8396801,54,0,7,31,58,40
s9n_2048_64_2_x.c,2,8396801,54,0,7,31,58,40
s9n_2048_64_2_y.c,2,8396801,54,0,7,31,58,40
s9n_2048_64_2_z.c,2,8396801,54,0,7,31,58,40
s9n_2048_64_3_x.c,2,8396801,54,0,7,31,58,40
s9n_2048_64_3_y.c,2,8396801,54,0,7,31,58,40
s9n_2048_64_3_z.c,2,8396801,54,0,7,31,58,40
s9n_2048_64_4_x.c,2,8396801,54,0,7,31,58,40
s9n_2048_64_4_y.c,2,8396801,54,0,7,31,58,40
s9n_2048_64_4_z.c,2,8396801,54,0,7,31,58,40
s9n_2048_8192_0_x.c,2,66617,54,0,7,31,58,40
s9n_2048_8192_0_y.c,2,66617,54,0,7,31,58,40
s9n_2048_8192_0_z.c,2,66617,54,0,7,31,58,40
s9n_2048_8192_1_x.c,2,66617,54,0,7,31,58,40
s9n_2048_8192_1_y.c,2,66617,54,0,7,31,58,40
s9n_2048_8192_1_z.c,2,66617,54,0,7,31,58,40
s9n_2048_8192_2_x.c,2,66617,54,0,7,31,58,40
s9n_2048_8192_2_y.c,2,66617,54,0,7,31,58,40
s9n_2048_8192_2_z.c,2,66617,54,0,7,31,58,40
s9n_2048_8192_3_x.c,2,66617,54,0,7,31,58,40
s9n_2048_8192_3_y.c,2,66617,54,0,7,31,58,40
s9n_2048_8192_3_z.c,2,66617,54,0,7,31,58,40
s9n_2048_8192_4_x.c,2,66617,54,0,7,31,58,40
s9n_2048_8192_4_y.c,2,66617,54,0,7,31,58,40
s9n_2048_8192_4_z.c,2,66617,54,0,7,31,58,40
s9n_256_1024_0_x.c,2,528513,54,0,7,31,58,40
s9n_256_1024_0_y.c,2,528513,54,0,7,31,58,40
s9n_256_1024_0_z.c,2,528513,54,0,7,31,58,40
s9n_256_1024_1_x.c,2,528513,54,0,7,31,58,40
s9n_256_1024_1_y.c,2,528513,54,0,7,31,58,40
s9n_256_1024_1_z.c,2,528513,54,0,7,31,58,40
s9n_256_1024_2_x.c,2,528513,54,0,7,31,58,40
s9n_256_1024_2_y.c,2,528513,54,0,7,31,58,40
s9n_256_1024_2_z.c,2,528513,54,0,7,31,58,40
s9n_256_1024_3_x.c,2,528513,54,0,7,31,58,40
s9n_256_1024_3_y.c,2,528513,54,0,7,31,58,40
s9n_256_1024_3_z.c,2,528513,54,0,7,31,58,40
s9n_256_1024_4_x.c,2,528513,54,0,7,31,58,40
s9n_256_1024_4_y.c,2,528513,54,0,7,31,58,40
s9n_256_1024_4_z.c,2,528513,54,0,7,31,58,40
s9n_256_128_0_x.c,2,4227201,54,0,7,31,58,40
s9n_256_128_0_y.c,2,4227201,54,0,7,31,58,40
s9n_256_128_0_z.c,2,4227201,54,0,7,31,58,40
s9n_256_128_1_x.c,2,4227201,54,0,7,31,58,40
s9n_256_128_1_y.c,2,4227201,54,0,7,31,58,40
s9n_256_128_1_z.c,2,4227201,54,0,7,31,58,40
s9n_256_128_2_x.c,2,4227201,54,0,7,31,58,40
s9n_256_128_2_y.c,2,4227201,54,0,7,31,58,40
s9n_256_128_2_z.c,2,4227201,54,0,7,31,58,40
s9n_256_128_3_x.c,2,4227201,54,0,7,31,58,40
s9n_256_128_3_y.c,2,4227201,54,0,7,31,58,40
s9n_256_128_3_z.c,2,4227201,54,0,7,31,58,40
s9n_256_128_4_x.c,2,4227201,54,0,7,31,58,40
s9n_256_128_4_y.c,2,4227201,54,0,7,31,58,40
s9n_256_128_4_z.c,2,4227201,54,0,7,31,58,40
s9n_256_16384_0_x.c,2,33153,54,0,7,31,58,40
s9n_256_16384_0_y.c,2,33153,54,0,7,31,58,40
s9n_256_16384_0_z.c,2,33153,54,0,7,31,58,40
s9n_256_16384_1_x.c,2,33153,54,0,7,31,58,40
s9n_256_16384_1_y.c,2,33153,54,0,7,31,58,40
s9n_256_16384_1_z.c,2,33153,54,0,7,31,58,40
s9n_256_16384_2_x.c,2,33153,54,0,7,31,58,40
s9n_256_16384_2_y.c,2,33153,54,0,7,31,58,40
s9n_256_16384_2_z.c,2,33153,54,0,7,31,58,40
s9n_256_16384_3_x.c,2,33153,54,0,7,31,58,40
s9n_256_16384_3_y.c,2,33153,54,0,7,31,58,40
s9n_256_16384_3_z.c,2,33153,54,0,7,31,58,40
s9n_256_16384_4_x.c,2,33153,54,0,7,31,58,40
s9n_256_16384_4_y.c,2,33153,54,0,7,31,58,40
s9n_256_16384_4_z.c,2,33153,54,0,7,31,58,40
s9n_256_2048_0_x.c,2,264321,54,0,7,31,58,40
s9n_256_2048_0_y.c,2,264321,54,0,7,31,58,40
s9n_256_2048_0_z.c,2,264321,54,0,7,31,58,40
s9n_256_2048_1_x.c,2,264321,54,0,7,31,58,40
s9n_256_2048_1_y.c,2,264321,54,0,7,31,58,40
s9n_256_2048_1_z.c,2,264321,54,0,7,31,58,40
s9n_256_2048_2_x.c,2,264321,54,0,7,31,58,40
s9n_256_2048_2_y.c,2,264321,54,0,7,31,58,40
s9n_256_2048_2_z.c,2,264321,54,0,7,31,58,40
s9n_256_2048_3_x.c,2,264321,54,0,7,31,58,40
s9n_256_2048_3_y.c,2,264321,54,0,7,31,58,40
s9n_256_2048_3_z.c,2,264321,54,0,7,31,58,40
s9n_256_2048_4_x.c,2,264321,54,0,7,31,58,40
s9n_256_2048_4_y.c,2,264321,54,0,7,31,58,40
s9n_256_2048_4_z.c,2,264321,54,0,7,31,58,40
s9n_256_256_0_x.c,2,2113665,54,0,7,31,57,40
s9n_256_256_0_y.c,2,2113665,54,0,7,31,57,40
s9n_256_256_0_z.c,2,2113665,54,0,7,31,57,40
s9n_256_256_1_x.c,2,2113665,54,0,7,31,57,40
s9n_256_256_1_y.c,2,2113665,54,0,7,31,57,40
s9n_256_256_1_z.c,2,2113665,54,0,7,31,57,40
s9n_256_256_2_x.c,2,2113665,54,0,7,31,57,40
s9n_256_256_2_y.c,2,2113665,54,0,7,31,57,40
s9n_256_256_2_z.c,2,2113665,54,0,7,31,57,40
s9n_256_256_3_x.c,2,2113665,54,0,7,31,57,40
s9n_256_256_3_y.c,2,2113665,54,0,7,31,57,40
s9n_256_256_3_z.c,2,2113665,54,0,7,31,57,40
s9n_256_256_4_x.c,2,2113665,54,0,7,31,57,40
s9n_256_256_4_y.c,2,2113665,54,0,7,31,57,40
s9n_256_256_4_z.c,2,2113665,54,0,7,31,57,40
s9n_256_4096_0_x.c,2,132225,54,0,7,31,58,40
s9n_256_4096_0_y.c,2,132225,54,0,7,31,58,40
s9n_256_4096_0_z.c,2,132225,54,0,7,31,58,40
s9n_256_4096_1_x.c,2,132225,54,0,7,31,58,40
s9n_256_4096_1_y.c,2,132225,54,0,7,31,58,40
s9n_256_4096_1_z.c,2,132225,54,0,7,31,58,40
s9n_256_4096_2_x.c,2,132225,54,0,7,31,58,40
s9n_256_4096_2_y.c,2,132225,54,0,7,31,58,40
s9n_256_4096_2_z.c,2,132225,54,0,7,31,58,40
s9n_256_4096_3_x.c,2,132225,54,0,7,31,58,40
s9n_256_4096_3_y.c,2,132225,54,0,7,31,58,40
s9n_256_4096_3_z.c,2,132225,54,0,7,31,58,40
s9n_256_4096_4_x.c,2,132225,54,0,7,31,58,40
s9n_256_4096_4_y.c,2,132225,54,0,7,31,58,40
s9n_256_4096_4_z.c,2,132225,54,0,7,31,58,40
s9n_256_512_0_x.c,2,1056897,54,0,7,31,58,40
s9n_256_512_0_y.c,2,1056897,54,0,7,31,58,40
s9n_256_512_0_z.c,2,1056897,54,0,7,31,58,40
s9n_256_512_1_x.c,2,1056897,54,0,7,31,58,40
s9n_256_512_1_y.c,2,1056897,54,0,7,31,58,40
s9n_256_512_1_z.c,2,1056897,54,0,7,31,58,40
s9n_256_512_2_x.c,2,1056897,54,0,7,31,58,40
s9n_256_512_2_y.c,2,1056897,54,0,7,31,58,40
s9n_256_512_2_z.c,2,1056897,54,0,7,31,58,40
s9n_256_512_3_x.c,2,1056897,54,0,7,31,58,40
s9n_256_512_3_y.c,2,1056897,54,0,7,31,58,40
s9n_256_512_3_z.c,2,1056897,54,0,7,31,58,40
s9n_256_512_4_x.c,2,1056897,54,0,7,31,58,40
s9n_256_512_4_y.c,2,1056897,54,0,7,31,58,40
s9n_256_512_4_z.c,2,1056897,54,0,7,31,58,40
s9n_256_64_0_x.c,2,8454273,54,0,7,31,58,40
s9n_256_64_0_y.c,2,8454273,54,0,7,31,58,40
s9n_256_64_0_z.c,2,8454273,54,0,7,31,58,40
s9n_256_64_1_x.c,2,8454273,54,0,7,31,58,40
s9n_256_64_1_y.c,2,8454273,54,0,7,31,58,40
s9n_256_64_1_z.c,2,8454273,54,0,7,31,58,40
s9n_256_64_2_x.c,2,8454273,54,0,7,31,58,40
s9n_256_64_2_y.c,2,8454273,54,0,7,31,58,40
s9n_256_64_2_z.c,2,8454273,54,0,7,31,58,40
s9n_256_64_3_x.c,2,8454273,54,0,7,31,58,40
s9n_256_64_3_y.c,2,8454273,54,0,7,31,58,40
s9n_256_64_3_z.c,2,8454273,54,0,7,31,58,40
s9n_256_64_4_x.c,2,8454273,54,0,7,31,58,40
s9n_256_64_4_y.c,2,8454273,54,0,7,31,58,40
s9n_256_64_4_z.c,2,8454273,54,0,7,31,58,40
s9n_256_8192_0_x.c,2,66177,54,0,7,31,58,40
s9n_256_8192_0_y.c,2,66177,54,0,7,31,58,40
s9n_256_8192_0_z.c,2,66177,54,0,7,31,58,40
s9n_256_8192_1_x.c,2,66177,54,0,7,31,58,40
s9n_256_8192_1_y.c,2,66177,54,0,7,31,58,40
s9n_256_8192_1_z.c,2,66177,54,0,7,31,58,40
s9n_256_8192_2_x.c,2,66177,54,0,7,31,58,40
s9n_256_8192_2_y.c,2,66177,54,0,7,31,58,40
s9n_256_8192_2_z.c,2,66177,54,0,7,31,58,40
s9n_256_8192_3_x.c,2,66177,54,0,7,31,58,40
s9n_256_8192_3_y.c,2,66177,54,0,7,31,58,40
s9n_256_8192_3_z.c,2,66177,54,0,7,31,58,40
s9n_256_8192_4_x.c,2,66177,54,0,7,31,58,40
s9n_256_8192_4_y.c,2,66177,54,0,7,31,58,40
s9n_256_8192_4_z.c,2,66177,54,0,7,31,58,40
s9n_4096_1024_0_x.c,2,526593,54,0,7,31,58,40
s9n_4096_1024_0_y.c,2,526593,54,0,7,31,58,40
s9n_4096_1024_0_z.c,2,526593,54,0,7,31,58,40
s9n_4096_1024_1_x.c,2,526593,54,0,7,31,58,40
s9n_4096_1024_1_y.c,2,526593,54,0,7,31,58,40
s9n_4096_1024_1_z.c,2,526593,54,0,7,31,58,40
s9n_4096_1024_2_x.c,2,526593,54,0,7,31,58,40
s9n_4096_1024_2_y.c,2,526593,54,0,7,31,58,40
s9n_4096_1024_2_z.c,2,526593,54,0,7,31,58,40
s9n_4096_1024_3_x.c,2,526593,54,0,7,31,58,40
s9n_4096_1024_3_y.c,2,526593,54,0,7,31,58,40
s9n_4096_1024_3_z.c,2,526593,54,0,7,31,58,40
s9n_4096_1024_4_x.c,2,526593,54,0,7,31,58,40
s9n_4096_1024_4_y.c,2,526593,54,0,7,31,58,40
s9n_4096_1024_4_z.c,2,526593,54,0,7,31,58,40
s9n_4096_128_0_x.c,2,4198401,54,0,7,31,58,40
s9n_4096_128_0_y.c,2,4198401,54,0,7,31,58,40
s9n_4096_128_0_z.c,2,4198401,54,0,7,31,58,40
s9n_4096_128_1_x.c,2,4198401,54,0,7,31,58,40
s9n_4096_128_1_y.c,2,4198401,54,0,7,31,58,40
s9n_4096_128_1_z.c,2,4198401,54,0,7,31,58,40
s9n_4096_128_2_x.c,2,4198401,54,0,7,31,58,40
s9n_4096_128_2_y.c,2,4198401,54,0,7,31,58,40
s9n_4096_128_2_z.c,2,4198401,54,0,7,31,58,40
s9n_4096_128_3_x.c,2,4198401,54,0,7,31,58,40
s9n_4096_128_3_y.c,2,4198401,54,0,7,31,58,40
s9n_4096_128_3_z.c,2,4198401,54,0,7,31,58,40
s9n_4096_128_4_x.c,2,4198401,54,0,7,31,58,40
s9n_4096_128_4_y.c,2,4198401,54,0,7,31,58,40
s9n_4096_128_4_z.c,2,4198401,54,0,7,31,58,40
s9n_4096_16384_0_x.c,2,34833,54,0,7,31,58,40
s9n_4096_16384_0_y.c,2,34833,54,0,7,31,58,40
s9n_4096_16384_0_z.c,2,34833,54,0,7,31,58,40
s9n_4096_16384_1_x.c,2,34833,54,0,7,31,58,40
s9n_4096_16384_1_y.c,2,34833,54,0,7,31,58,40
s9n_4096_16384_1_z.c,2,34833,54,0,7,31,58,40
s9n_4096_16384_2_x.c,2,34833,54,0,7,31,58,40
s9n_4096_16384_2_y.c,2,34833,54,0,7,31,58,40
s9n_4096_16384_2_z.c,2,34833,54,0,7,31,58,40
s9n_4096_16384_3_x.c,2,34833,54,0,7,31,58,40
s9n_4096_16384_3_y.c,2,34833,54,0,7,31,58,40
s9n_4096_16384_3_z.c,2,34833,54,0,7,31,58,40
s9n_4096_16384_4_x.c,2,34833,54,0,7,31,58,40
s9n_4096_16384_4_y.c,2,34833,54,0,7,31,58,40
s9n_4096_16384_4_z.c,2,34833,54,0,7,31,58,40
s9n_4096_2048_0_x.c,2,264321,54,0,7,31,58,40
s9n_4096_2048_0_y.c,2,264321,54,0,7,31,58,40
s9n_4096_2048_0_z.c,2,264321,54,0,7,31,58,40
s9n_4096_2048_1_x.c,2,264321,54,0,7,31,58,40
s9n_4096_2048_1_y.c,2,264321,54,0,7,31,58,40
s9n_4096_2048_1_z.c,2,264321,54,0,7,31,58,40
s9n_4096_2048_2_x.c,2,264321,54,0,7,31,58,40
s9n_4096_2048_2_y.c,2,264321,54,0,7,31,58,40
s9n_4096_2048_2_z.c,2,264321,54,0,7,31,58,40
s9n_4096_2048_3_x.c,2,264321,54,0,7,31,58,40
s9n_4096_2048_3_y.c,2,264321,54,0,7,31,58,40
s9n_4096_2048_3_z.c,2,264321,54,0,7,31,58,40
s9n_4096_2048_4_x.c,2,264321,54,0,7,31,58,40
s9n_4096_2048_4_y.c,2,264321,54,0,7,31,58,40
s9n_4096_2048_4_z.c,2,264321,54,0,7,31,58,40
s9n_4096_256_0_x.c,2,2100225,54,0,7,31,58,40
s9n_4096_256_0_y.c,2,2100225,54,0,7,31,58,40
s9n_4096_256_0_z.c,2,2100225,54,0,7,31,58,40
s9n_4096_256_1_x.c,2,2100225,54,0,7,31,58,40
s9n_4096_256_1_y.c,2,2100225,54,0,7,31,58,40
s9n_4096_256_1_z.c,2,2100225,54,0,7,31,58,40
s9n_4096_256_2_x.c,2,2100225,54,0,7,31,58,40
s9n_4096_256_2_y.c,2,2100225,54,0,7,31,58,40
s9n_4096_256_2_z.c,2,2100225,54,0,7,31,58,40
s9n_4096_256_3_x.c,2,2100225,54,0,7,31,58,40
s9n_4096_256_3_y.c,2,2100225,54,0,7,31,58,40
s9n_4096_256_3_z.c,2,2100225,54,0,7,31,58,40
s9n_4096_256_4_x.c,2,2100225,54,0,7,31,58,40
s9n_4096_256_4_y.c,2,2100225,54,0,7,31,58,40
s9n_4096_256_4_z.c,2,2100225,54,0,7,31,58,40
s9n_4096_4096_0_x.c,2,133185,54,0,7,31,57,40
s9n_4096_4096_0_y.c,2,133185,54,0,7,31,57,40
s9n_4096_4096_0_z.c,2,133185,54,0,7,31,57,40
s9n_4096_4096_1_x.c,2,133185,54,0,7,31,57,40
s9n_4096_4096_1_y.c,2,133185,54,0,7,31,57,40
s9n_4096_4096_1_z.c,2,133185,54,0,7,31,57,40
s9n_4096_4096_2_x.c,2,133185,54,0,7,31,57,40
s9n_4096_4096_2_y.c,2,133185,54,0,7,31,57,40
s9n_4096_4096_2_z.c,2,133185,54,0,7,31,57,40
s9n_4096_4096_3_x.c,2,133185,54,0,7,31,57,40
s9n_4096_4096_3_y.c,2,133185,54,0,7,31,57,40
s9n_4096_4096_3_z.c,2,133185,54,0,7,31,57,40
s9n_4096_4096_4_x.c,2,133185,54,0,7,31,57,40
s9n_4096_4096_4_y.c,2,133185,54,0,7,31,57,40
s9n_4096_4096_4_z.c,2,133185,54,0,7,31,57,40
s9n_4096_512_0_x.c,2,1051137,54,0,7,31,58,40
s9n_4096_512_0_y.c,2,1051137,54,0,7,31,58,40
s9n_4096_512_0_z.c,2,1051137,54,0,7,31,58,40
s9n_4096_512_1_x.c,2,1051137,54,0,7,31,58,40
s9n_4096_512_1_y.c,2,1051137,54,0,7,31,58,40
s9n_4096_512_1_z.c,2,1051137,54,0,7,31,58,40
s9n_4096_512_2_x.c,2,1051137,54,0,7,31,58,40
s9n_4096_512_2_y.c,2,1051137,54,0,7,31,58,40
s9n_4096_512_2_z.c,2,1051137,54,0,7,31,58,40
s9n_4096_512_3_x.c,2,1051137,54,0,7,31,58,40
s9n_4096_512_3_y.c,2,1051137,54,0,7,31,58,40
s9n_4096_512_3_z.c,2,1051137,54,0,7,31,58,40
s9n_4096_512_4_x.c,2,1051137,54,0,7,31,58,40
s9n_4096_512_4_y.c,2,1051137,54,0,7,31,58,40
s9n_4096_512_4_z.c,2,1051137,54,0,7,31,58,40
s9n_4096_64_0_x.c,2,8394753,54,0,7,31,58,40
s9n_4096_64_0_y.c,2,8394753,54,0,7,31,58,40
s9n_4096_64_0_z.c,2,8394753,54,0,7,31,58,40
s9n_4096_64_1_x.c,2,8394753,54,0,7,31,58,40
s9n_4096_64_1_y.c,2,8394753,54,0,7,31,58,40
s9n_4096_64_1_z.c,2,8394753,54,0,7,31,58,40
s9n_4096_64_2_x.c,2,8394753,54,0,7,31,58,40
s9n_4096_64_2_y.c,2,8394753,54,0,7,31,58,40
s9n_4096_64_2_z.c,2,8394753,54,0,7,31,58,40
s9n_4096_64_3_x.c,2,8394753,54,0,7,31,58,40
s9n_4096_64_3_y.c,2,8394753,54,0,7,31,58,40
s9n_4096_64_3_z.c,2,8394753,54,0,7,31,58,40
s9n_4096_64_4_x.c,2,8394753,54,0,7,31,58,40
s9n_4096_64_4_y.c,2,8394753,54,0,7,31,58,40
s9n_4096_64_4_z.c,2,8394753,54,0,7,31,58,40
s9n_4096_8192_0_x.c,2,67617,54,0,7,31,58,40
s9n_4096_8192_0_y.c,2,67617,54,0,7,31,58,40
s9n_4096_8192_0_z.c,2,67617,54,0,7,31,58,40
s9n_4096_8192_1_x.c,2,67617,54,0,7,31,58,40
s9n_4096_8192_1_y.c,2,67617,54,0,7,31,58,40
s9n_4096_8192_1_z.c,2,67617,54,0,7,31,58,40
s9n_4096_8192_2_x.c,2,67617,54,0,7,31,58,40
s9n_4096_8192_2_y.c,2,67617,54,0,7,31,58,40
s9n_4096_8192_2_z.c,2,67617,54,0,7,31,58,40
s9n_4096_8192_3_x.c,2,67617,54,0,7,31,58,40
s9n_4096_8192_3_y.c,2,67617,54,0,7,31,58,40
s9n_4096_8192_3_z.c,2,67617,54,0,7,31,58,40
s9n_4096_8192_4_x.c,2,67617,54,0,7,31,58,40
s9n_4096_8192_4_y.c,2,67617,54,0,7,31,58,40
s9n_4096_8192_4_z.c,2,67617,54,0,7,31,58,40
s9n_512_1024_0_x.c,2,526337,54,0,7,31,58,40
s9n_512_1024_0_y.c,2,526337,54,0,7,31,58,40
s9n_512_1024_0_z.c,2,526337,54,0,7,31,58,40
s9n_512_1024_1_x.c,2,526337,54,0,7,31,58,40
s9n_512_1024_1_y.c,2,526337,54,0,7,31,58,40
s9n_512_1024_1_z.c,2,526337,54,0,7,31,58,40
s9n_512_1024_2_x.c,2,526337,54,0,7,31,58,40
s9n_512_1024_2_y.c,2,526337,54,0,7,31,58,40
s9n_512_1024_2_z.c,2,526337,54,0,7,31,58,40
s9n_512_1024_3_x.c,2,526337,54,0,7,31,58,40
s9n_512_1024_3_y.c,2,526337,54,0,7,31,58,40
s9n_512_1024_3_z.c,2,526337,54,0,7,31,58,40
s9n_512_1024_4_x.c,2,526337,54,0,7,31,58,40
s9n_512_1024_4_y.c,2,526337,54,0,7,31,58,40
s9n_512_1024_4_z.c,2,526337,54,0,7,31,58,40
s9n_512_128_0_x.c,2,4208897,54,0,7,31,58,40
s9n_512_128_0_y.c,2,4208897,54,0,7,31,58,40
s9n_512_128_0_z.c,2,4208897,54,0,7,31,58,40
s9n_512_128_1_x.c,2,4208897,54,0,7,31,58,40
s9n_512_128_1_y.c,2,4208897,54,0,7,31,58,40
s9n_512_128_1_z.c,2,4208897,54,0,7,31,58,40
s9n_512_128_2_x.c,2,4208897,54,0,7,31,58,40
s9n_512_128_2_y.c,2,4208897,54,0,7,31,58,40
s9n_512_128_2_z.c,2,4208897,54,0,7,31,58,40
s9n_512_128_3_x.c,2,4208897,54,0,7,31,58,40
s9n_512_128_3_y.c,2,4208897,54,0,7,31,58,40
s9n_512_128_3_z.c,2,4208897,54,0,7,31,58,40
s9n_512_128_4_x.c,2,4208897,54,0,7,31,58,40
s9n_512_128_4_y.c,2,4208897,54,0,7,31,58,40
s9n_512_128_4_z.c,2,4208897,54,0,7,31,58,40
s9n_512_16384_0_x.c,2,33137,54,0,7,31,58,40
s9n_512_16384_0_y.c,2,33137,54,0,7,31,58,40
s9n_512_16384_0_z.c,2,33137,54,0,7,31,58,40
s9n_512_16384_1_x.c,2,33137,54,0,7,31,58,40
s9n_512_16384_1_y.c,2,33137,54,0,7,31,58,40
s9n_512_16384_1_z.c,2,33137,54,0,7,31,58,40
s9n_512_16384_2_x.c,2,33137,54,0,7,31,58,40
s9n_512_16384_2_y.c,2,33137,54,0,7,31,58,40
s9n_512_16384_2_z.c,2,33137,54,0,7,31,58,40
s9n_512_16384_3_x.c,2,33137,54,0,7,31,58,40
s9n_512_16384_3_y.c,2,33137,54,0,7,31,58,40
s9n_512_16384_3_z.c,2,33137,54,0,7,31,58,40
s9n_512_16384_4_x.c,2,33137,54,0,7,31,58,40
s9n_512_16384_4_y.c,2,33137,54,0,7,31,58,40
s9n_512_16384_4_z.c,2,33137,54,0,7,31,58,40
s9n_512_2048_0_x.c,2,263297,54,0,7,31,58,40
s9n_512_2048_0_y.c,2,263297,54,0,7,31,58,40
s9n_512_2048_0_z.c,2,263297,54,0,7,31,58,40
s9n_512_2048_1_x.c,2,263297,54,0,7,31,58,40
s9n_512_2048_1_y.c,2,263297,54,0,7,31,58,40
s9n_512_2048_1_z.c,2,263297,54,0,7,31,58,40
s9n_512_2048_2_x.c,2,263297,54,0,7,31,58,40
s9n_512_2048_2_y.c,2,263297,54,0,7,31,58,40
s9n_512_2048_2_z.c,2,263297,54,0,7,31,58,40
s9n_512_2048_3_x.c,2,263297,54,0,7,31,58,40
s9n_512_2048_3_y.c,2,263297,54,0,7,31,58,40
s9n_512_2048_3_z.c,2,263297,54,0,7,31,58,40
s9n_512_2048_4_x.c,2,263297,54,0,7,31,58,40
s9n_512_2048_4_y.c,2,263297,54,0,7,31,58,40
s9n_512_2048_4_z.c,2,263297,54,0,7,31,58,40
s9n_512_256_0_x.c,2,2104577,54,0,7,31,58,40
s9n_512_256_0_y.c,2,2104577,54,0,7,31,58,40
s9n_512_256_0_z.c,2,2104577,54,0,7,31,58,40
s9n_512_256_1_x.c,2,2104577,54,0,7,31,58,40
s9n_512_256_1_y.c,2,2104577,54,0,7,31,58,40
s9n_512_256_1_z.c,2,2104577,54,0,7,31,58,40
s9n_512_256_2_x.c,2,2104577,54,0,7,31,58,40
s9n_512_256_2_y.c,2,2104577,54,0,7,31,58,40
s9n_512_256_2_z.c,2,2104577,54,0,7,31,58,40
s9n_512_256_3_x.c,2,2104577,54,0,7,31,58,40
s9n_512_256_3_y.c,2,2104577,54,0,7,31,58,40
s9n_512_256_3_z.c,2,2104577,54,0,7,31,58,40
s9n_512_256_4_x.c,2,2104577,54,0,7,31,58,40
s9n_512_256_4_y.c,2,2104577,54,0,7,31,58,40
s9n_512_256_4_z.c,2,2104577,54,0,7,31,58,40
s9n_512_4096_0_x.c,2,131777,54,0,7,31,58,40
s9n_512_4096_0_y.c,2,131777,54,0,7,31,58,40
s9n_512_4096_0_z.c,2,131777,54,0,7,31,58,40
s9n_512_4096_1_x.c,2,131777,54,0,7,31,58,40
s9n_512_4096_1_y.c,2,131777,54,0,7,31,58,40
s9n_512_4096_1_z.c,2,131777,54,0,7,31,58,40
s9n_512_4096_2_x.c,2,131777,54,0,7,31,58,40
s9n_512_4096_2_y.c,2,131777,54,0,7,31,58,40
s9n_512_4096_2_z.c,2,131777,54,0,7,31,58,40
s9n_512_4096_3_x.c,2,131777,54,0,7,31,58,40
s9n_512_4096_3_y.c,2,131777,54,0,7,31,58,40
s9n_512_4096_3_z.c,2,131777,54,0,7,31,58,40
s9n_512_4096_4_x.c,2,131777,54,0,7,31,58,40
s9n_512_4096_4_y.c,2,131777,54,0,7,31,58,40
s9n_512_4096_4_z.c,2,131777,54,0,7,31,58,40
s9n_512_512_0_x.c,2,1052417,54,0,7,31,57,40
s9n_512_512_0_y.c,2,1052417,54,0,7,31,57,40
s9n_512_512_0_z.c,2,1052417,54,0,7,31,57,40
s9n_512_512_1_x.c,2,1052417,54,0,7,31,57,40
s9n_512_512_1_y.c,2,1052417,54,0,7,31,57,40
s9n_512_512_1_z.c,2,1052417,54,0,7,31,57,40
s9n_512_512_2_x.c,2,1052417,54,0,7,31,57,40
s9n_512_512_2_y.c,2,1052417,54,0,7,31,57,40
s9n_512_512_2_z.c,2,1052417,54,0,7,31,57,40
s9n_512_512_3_x.c,2,1052417,54,0,7,31,57,40
s9n_512_512_3_y.c,2,1052417,54,0,7,31,57,40
s9n_512_512_3_z.c,2,1052417,54,0,7,31,57,40
s9n_512_512_4_x.c,2,1052417,54,0,7,31,57,40
s9n_512_512_4_y.c,2,1052417,54,0,7,31,57,40
s9n_512_512_4_z.c,2,1052417,54,0,7,31,57,40
s9n_512_64_0_x.c,2,8417537,54,0,7,31,58,40
s9n_512_64_0_y.c,2,8417537,54,0,7,31,58,40
s9n_512_64_0_z.c,2,8417537,54,0,7,31,58,40
s9n_512_64_1_x.c,2,8417537,54,0,7,31,58,40
s9n_512_64_1_y.c,2,8417537,54,0,7,31,58,40
s9n_512_64_1_z.c,2,8417537,54,0,7,31,58,40
s9n_512_64_2_x.c,2,8417537,54,0,7,31,58,40
s9n_512_64_2_y.c,2,8417537,54,0,7,31,58,40
s9n_512_64_2_z.c,2,8417537,54,0,7,31,58,40
s9n_512_64_3_x.c,2,8417537,54,0,7,31,58,40
s9n_512_64_3_y.c,2,8417537,54,0,7,31,58,40
s9n_512_64_3_z.c,2,8417537,54,0,7,31,58,40
s9n_512_64_4_x.c,2,8417537,54,0,7,31,58,40
s9n_512_64_4_y.c,2,8417537,54,0,7,31,58,40
s9n_512_64_4_z.c,2,8417537,54,0,7,31,58,40
s9n_512_8192_0_x.c,2,66017,54,0,7,31,58,40
s9n_512_8192_0_y.c,2,66017,54,0,7,31,58,40
s9n_512_8192_0_z.c,2,66017,54,0,7,31,58,40
s9n_512_8192_1_x.c,2,66017,54,0,7,31,58,40
s9n_512_8192_1_y.c,2,66017,54,0,7,31,58,40
s9n_512_8192_1_z.c,2,66017,54,0,7,31,58,40
s9n_512_8192_2_x.c,2,66017,54,0,7,31,58,40
s9n_512_8192_2_y.c,2,66017,54,0,7,31,58,40
s9n_512_8192_2_z.c,2,66017,54,0,7,31,58,40
s9n_512_8192_3_x.c,2,66017,54,0,7,31,58,40
s9n_512_8192_3_y.c,2,66017,54,0,7,31,58,40
s9n_512_8192_3_z.c,2,66017,54,0,7,31,58,40
s9n_512_8192_4_x.c,2,66017,54,0,7,31,58,40
s9n_512_8192_4_y.c,2,66017,54,0,7,31,58,40
s9n_512_8192_4_z.c,2,66017,54,0,7,31,58,40
s9n_64_1024_0_x.c,2,540705,54,0,7,31,58,40
s9n_64_1024_0_y.c,2,540705,54,0,7,31,58,40
s9n_64_1024_0_z.c,2,540705,54,0,7,31,58,40
s9n_64_1024_1_x.c,2,540705,54,0,7,31,58,40
s9n_64_1024_1_y.c,2,540705,54,0,7,31,58,40
s9n_64_1024_1_z.c,2,540705,54,0,7,31,58,40
s9n_64_1024_2_x.c,2,540705,54,0,7,31,58,40
s9n_64_1024_2_y.c,2,540705,54,0,7,31,58,40
s9n_64_1024_2_z.c,2,540705,54,0,7,31,58,40
s9n_64_1024_3_x.c,2,540705,54,0,7,31,58,40
s9n_64_1024_3_y.c,2,540705,54,0,7,31,58,40
s9n_64_1024_3_z.c,2,540705,54,0,7,31,58,40
s9n_64_1024_4_x.c,2,540705,54,0,7,31,58,40
s9n_64_1024_4_y.c,2,540705,54,0,7,31,58,40
s9n_64_1024_4_z.c,2,540705,54,0,7,31,58,40
s9n_64_128_0_x.c,2,4325409,54,0,7,31,58,40
s9n_64_128_0_y.c,2,4325409,54,0,7,31,58,40
s9n_64_128_0_z.c,2,4325409,54,0,7,31,58,40
s9n_64_128_1_x.c,2,4325409,54,0,7,31,58,40
s9n_64_128_1_y.c,2,4325409,54,0,7,31,58,40
s9n_64_128_1_z.c,2,4325409,54,0,7,31,58,40
s9n_64_128_2_x.c,2,4325409,54,0,7,31,58,40
s9n_64_128_2_y.c,2,4325409,54,0,7,31,58,40
s9n_64_128_2_z.c,2,4325409,54,0,7,31,58,40
s9n_64_128_3_x.c,2,4325409,54,0,7,31,58,40
s9n_64_128_3_y.c,2,4325409,54,0,7,31,58,40
s9n_64_128_3_z.c,2,4325409,54,0,7,31,58,40
s9n_64_128_4_x.c,2,4325409,54,0,7,31,58,40
s9n_64_128_4_y.c,2,4325409,54,0,7,31,58,40
s9n_64_128_4_z.c,2,4325409,54,0,7,31,58,40
s9n_64_16384_0_x.c,2,33825,54,0,7,31,58,40
s9n_64_16384_0_y.c,2,33825,54,0,7,31,58,40
s9n_64_16384_0_z.c,2,33825,54,0,7,31,58,40
s9n_64_16384_1_x.c,2,33825,54,0,7,31,58,40
s9n_64_16384_1_y.c,2,33825,54,0,7,31,58,40
s9n_64_16384_1_z.c,2,33825,54,0,7,31,58,40
s9n_64_16384_2_x.c,2,33825,54,0,7,31,58,40
s9n_64_16384_2_y.c,2,33825,54,0,7,31,58,40
s9n_64_16384_2_z.c,2,33825,54,0,7,31,58,40
s9n_64_16384_3_x.c,2,33825,54,0,7,31,58,40
s9n_64_16384_3_y.c,2,33825,54,0,7,31,58,40
s9n_64_16384_3_z.c,2,33825,54,0,7,31,58,40
s9n_64_16384_4_x.c,2,33825,54,0,7,31,58,40
s9n_64_16384_4_y.c,2,33825,54,0,7,31,58,40
s9n_64_16384_4_z.c,2,33825,54,0,7,31,58,40
s9n_64_2048_0_x.c,2,270369,54,0,7,31,58,40
s9n_64_2048_0_y.c,2,270369,54,0,7,31,58,40
s9n_64_2048_0_z.c,2,270369,54,0,7,31,58,40
s9n_64_2048_1_x.c,2,270369,54,0,7,31,58,40
s9n_64_2048_1_y.c,2,270369,54,0,7,31,58,40
s9n_64_2048_1_z.c,2,270369,54,0,7,31,58,40
s9n_64_2048_2_x.c,2,270369,54,0,7,31,58,40
s9n_64_2048_2_y.c,2,270369,54,0,7,31,58,40
s9n_64_2048_2_z.c,2,270369,54,0,7,31,58,40
s9n_64_2048_3_x.c,2,270369,54,0,7,31,58,40
s9n_64_2048_3_y.c,2,270369,54,0,7,31,58,40
s9n_64_2048_3_z.c,2,270369,54,0,7,31,58,40
s9n_64_2048_4_x.c,2,270369,54,0,7,31,58,40
s9n_64_2048_4_y.c,2,270369,54,0,7,31,58,40
s9n_64_2048_4_z.c,2,270369,54,0,7,31,58,40
s9n_64_256_0_x.c,2,2162721,54,0,7,31,58,40
s9n_64_256_0_y.c,2,2162721,54,0,7,31,58,40
s9n_64_256_0_z.c,2,2162721,54,0,7,31,58,40
s9n_64_256_1_x.c,2,2162721,54,0,7,31,58,40
s9n_64_256_1_y.c,2,2162721,54,0,7,31,58,40
s9n_64_256_1_z.c,2,2162721,54,0,7,31,58,40
s9n_64_256_2_x.c,2,2162721,54,0,7,31,58,40
s9n_64_256_2_y.c,2,2162721,54,0,7,31,58,40
s9n_64_256_2_z.c,2,2162721,54,0,7,31,58,40
s9n_64_256_3_x.c,2,2162721,54,0,7,31,58,40
s9n_64_256_3_y.c,2,2162721,54,0,7,31,58,40
s9n_64_256_3_z.c,2,2162721,54,0,7,31,58,40
s9n_64_256_4_x.c,2,2162721,54,0,7,31,58,40
s9n_64_256_4_y.c,2,2162721,54,0,7,31,58,40
s9n_64_256_4_z.c,2,2162721,54,0,7,31,58,40
s9n_64_4096_0_x.c,2,135201,54,0,7,31,58,40
s9n_64_4096_0_y.c,2,135201,54,0,7,31,58,40
s9n_64_4096_0_z.c,2,135201,54,0,7,31,58,40
s9n_64_4096_1_x.c,2,135201,54,0,7,31,58,40
s9n_64_4096_1_y.c,2,135201,54,0,7,31,58,40
s9n_64_4096_1_z.c,2,135201,54,0,7,31,58,40
s9n_64_4096_2_x.c,2,135201,54,0,7,31,58,40
s9n_64_4096_2_y.c,2,135201,54,0,7,31,58,40
s9n_64_4096_2_z.c,2,135201,54,0,7,31,58,40
s9n_64_4096_3_x.c,2,135201,54,0,7,31,58,40
s9n_64_4096_3_y.c,2,135201,54,0,7,31,58,40
s9n_64_4096_3_z.c,2,135201,54,0,7,31,58,40
s9n_64_4096_4_x.c,2,135201,54,0,7,31,58,40
s9n_64_4096_4_y.c,2,135201,54,0,7,31,58,40
s9n_64_4096_4_z.c,2,135201,54,0,7,31,58,40
s9n_64_512_0_x.c,2,1081377,54,0,7,31,58,40
s9n_64_512_0_y.c,2,1081377,54,0,7,31,58,40
s9n_64_512_0_z.c,2,1081377,54,0,7,31,58,40
s9n_64_512_1_x.c,2,1081377,54,0,7,31,58,40
s9n_64_512_1_y.c,2,1081377,54,0,7,31,58,40
s9n_64_512_1_z.c,2,1081377,54,0,7,31,58,40
s9n_64_512_2_x.c,2,1081377,54,0,7,31,58,40
s9n_64_512_2_y.c,2,1081377,54,0,7,31,58,40
s9n_64_512_2_z.c,2,1081377,54,0,7,31,58,40
s9n_64_512_3_x.c,2,1081377,54,0,7,31,58,40
s9n_64_512_3_y.c,2,1081377,54,0,7,31,58,40
s9n_64_512_3_z.c,2,1081377,54,0,7,31,58,40
s9n_64_512_4_x.c,2,1081377,54,0,7,31,58,40
s9n_64_512_4_y.c,2,1081377,54,0,7,31,58,40
s9n_64_512_4_z.c,2,1081377,54,0,7,31,58,40
s9n_64_64_0_x.c,2,8650785,54,0,7,31,57,40
s9n_64_64_0_y.c,2,8650785,54,0,7,31,57,40
s9n_64_64_0_z.c,2,8650785,54,0,7,31,57,40
s9n_64_64_1_x.c,2,8650785,54,0,7,31,57,40
s9n_64_64_1_y.c,2,8650785,54,0,7,31,57,40
s9n_64_64_1_z.c,2,8650785,54,0,7,31,57,40
s9n_64_64_2_x.c,2,8650785,54,0,7,31,57,40
s9n_64_64_2_y.c,2,8650785,54,0,7,31,57,40
s9n_64_64_2_z.c,2,8650785,54,0,7,31,57,40
s9n_64_64_3_x.c,2,8650785,54,0,7,31,57,40
s9n_64_64_3_y.c,2,8650785,54,0,7,31,57,40
s9n_64_64_3_z.c,2,8650785,54,0,7,31,57,40
s9n_64_64_4_x.c,2,8650785,54,0,7,31,57,40
s9n_64_64_4_y.c,2,8650785,54,0,7,31,57,40
s9n_64_64_4_z.c,2,8650785,54,0,7,31,57,40
s9n_64_8192_0_x.c,2,67617,54,0,7,31,58,40
s9n_64_8192_0_y.c,2,67617,54,0,7,31,58,40
s9n_64_8192_0_z.c,2,67617,54,0,7,31,58,40
s9n_64_8192_1_x.c,2,67617,54,0,7,31,58,40
s9n_64_8192_1_y.c,2,67617,54,0,7,31,58,40
s9n_64_8192_1_z.c,2,67617,54,0,7,31,58,40
s9n_64_8192_2_x.c,2,67617,54,0,7,31,58,40
s9n_64_8192_2_y.c,2,67617,54,0,7,31,58,40
s9n_64_8192_2_z.c,2,67617,54,0,7,31,58,40
s9n_64_8192_3_x.c,2,67617,54,0,7,31,58,40
s9n_64_8192_3_y.c,2,67617,54,0,7,31,58,40
s9n_64_8192_3_z.c,2,67617,54,0,7,31,58,40
s9n_64_8192_4_x.c,2,67617,54,0,7,31,58,40
s9n_64_8192_4_y.c,2,67617,54,0,7,31,58,40
s9n_64_8192_4_z.c,2,67617,54,0,7,31,58,40
s9n_8192_1024_0_x.c,2,528513,54,0,7,31,58,40
s9n_8192_1024_0_y.c,2,528513,54,0,7,31,58,40
s9n_8192_1024_0_z.c,2,528513,54,0,7,31,58,40
s9n_8192_1024_1_x.c,2,528513,54,0,7,31,58,40
s9n_8192_1024_1_y.c,2,528513,54,0,7,31,58,40
s9n_8192_1024_1_z.c,2,528513,54,0,7,31,58,40
s9n_8192_1024_2_x.c,2,528513,54,0,7,31,58,40
s9n_8192_1024_2_y.c,2,528513,54,0,7,31,58,40
s9n_8192_1024_2_z.c,2,528513,54,0,7,31,58,40
s9n_8192_1024_3_x.c,2,528513,54,0,7,31,58,40
s9n_8192_1024_3_y.c,2,528513,54,0,7,31,58,40
s9n_8192_1024_3_z.c,2,528513,54,0,7,31,58,40
s9n_8192_1024_4_x.c,2,528513,54,0,7,31,58,40
s9n_8192_1024_4_y.c,2,528513,54,0,7,31,58,40
s9n_8192_1024_4_z.c,2,528513,54,0,7,31,58,40
s9n_8192_128_0_x.c,2,4199425,54,0,7,31,58,40
s9n_8192_128_0_y.c,2,4199425,54,0,7,31,58,40
s9n_8192_128_0_z.c,2,4199425,54,0,7,31,58,40
s9n_8192_128_1_x.c,2,4199425,54,0,7,31,58,40
s9n_8192_128_1_y.c,2,4199425,54,0,7,31,58,40
s9n_8192_128_1_z.c,2,4199425,54,0,7,31,58,40
s9n_8192_128_2_x.c,2,4199425,54,0,7,31,58,40
s9n_8192_128_2_y.c,2,4199425,54,0,7,31,58,40
s9n_8192_128_2_z.c,2,4199425,54,0,7,31,58,40
s9n_8192_128_3_x.c,2,4199425,54,0,7,31,58,40
s9n_8192_128_3_y.c,2,4199425,54,0,7,31,58,40
s9n_8192_128_3_z.c,2,4199425,54,0,7,31,58,40
s9n_8192_128_4_x.c,2,4199425,54,0,7,31,58,40
s9n_8192_128_4_y.c,2,4199425,54,0,7,31,58,40
s9n_8192_128_4_z.c,2,4199425,54,0,7,31,58,40
s9n_8192_16384_0_x.c,2,36873,54,0,7,31,58,40
s9n_8192_16384_0_y.c,2,36873,54,0,7,31,58,40
s9n_8192_16384_0_z.c,2,36873,54,0,7,31,58,40
s9n_8192_16384_1_x.c,2,36873,54,0,7,31,58,40
s9n_8192_16384_1_y.c,2,36873,54,0,7,31,58,40
s9n_8192_16384_1_z.c,2,36873,54,0,7,31,58,40
s9n_8192_16384_2_x.c,2,36873,54,0,7,31,58,40
s9n_8192_16384_2_y.c,2,36873,54,0,7,31,58,40
s9n_8192_16384_2_z.c,2,36873,54,0,7,31,58,40
s9n_8192_16384_3_x.c,2,36873,54,0,7,31,58,40
s9n_8192_16384_3_y.c,2,36873,54,0,7,31,58,40
s9n_8192_16384_3_z.c,2,36873,54,0,7,31,58,40
s9n_8192_16384_4_x.c,2,36873,54,0,7,31,58,40
s9n_8192_16384_4_y.c,2,36873,54,0,7,31,58,40
s9n_8192_16384_4_z.c,2,36873,54,0,7,31,58,40
s9n_8192_2048_0_x.c,2,266305,54,0,7,31,58,40
s9n_8192_2048_0_y.c,2,266305,54,0,7,31,58,40
s9n_8192_2048_0_z.c,2,266305,54,0,7,31,58,40
s9n_8192_2048_1_x.c,2,266305,54,0,7,31,58,40
s9n_8192_2048_1_y.c,2,266305,54,0,7,31,58,40
s9n_8192_2048_1_z.c,2,266305,54,0,7,31,58,40
s9n_8192_2048_2_x.c,2,266305,54,0,7,31,58,40
s9n_8192_2048_2_y.c,2,266305,54,0,7,31,58,40
s9n_8192_2048_2_z.c,2,266305,54,0,7,31,58,40
s9n_8192_2048_3_x.c,2,266305,54,0,7,31,58,40
s9n_8192_2048_3_y.c,2,266305,54,0,7,31,58,40
s9n_8192_2048_3_z.c,2,266305,54,0,7,31,58,40
s9n_8192_2048_4_x.c,2,266305,54,0,7,31,58,40
s9n_8192_2048_4_y.c,2,266305,54,0,7,31,58,40
s9n_8192_2048_4_z.c,2,266305,54,0,7,31,58,40
s9n_8192_256_0_x.c,2,2101761,54,0,7,31,58,40
s9n_8192_256_0_y.c,2,2101761,54,0,7,31,58,40
s9n_8192_256_0_z.c,2,2101761,54,0,7,31,58,40
s9n_8192_256_1_x.c,2,2101761,54,0,7,31,58,40
s9n_8192_256_1_y.c,2,2101761,54,0,7,31,58,40
s9n_8192_256_1_z.c,2,2101761,54,0,7,31,58,40
s9n_8192_256_2_x.c,2,2101761,54,0,7,31,58,40
s9n_8192_256_2_y.c,2,2101761,54,0,7,31,58,40
s9n_8192_256_2_z.c,2,2101761,54,0,7,31,58,40
s9n_8192_256_3_x.c,2,2101761,54,0,7,31,58,40
s9n_8192_256_3_y.c,2,2101761,54,0,7,31,58,40
s9n_8192_256_3_z.c,2,2101761,54,0,7,31,58,40
s9n_8192_256_4_x.c,2,2101761,54,0,7,31,58,40
s9n_8192_256_4_y.c,2,2101761,54,0,7,31,58,40
s9n_8192_256_4_z.c,2,2101761,54,0,7,31,58,40
s9n_8192_4096_0_x.c,2,135201,54,0,7,31,58,40
s9n_8192_4096_0_y.c,2,135201,54,0,7,31,58,40
s9n_8192_4096_0_z.c,2,135201,54,0,7,31,58,40
s9n_8192_4096_1_x.c,2,135201,54,0,7,31,58,40
s9n_8192_4096_1_y.c,2,135201,54,0,7,31,58,40
s9n_8192_4096_1_z.c,2,135201,54,0,7,31,58,40
s9n_8192_4096_2_x.c,2,135201,54,0,7,31,58,40
s9n_8192_4096_2_y.c,2,135201,54,0,7,31,58,40
s9n_8192_4096_2_z.c,2,135201,54,0,7,31,58,40
s9n_8192_4096_3_x.c,2,135201,54,0,7,31,58,40
s9n_8192_4096_3_y.c,2,135201,54,0,7,31,58,40
s9n_8192_4096_3_z.c,2,135201,54,0,7,31,58,40
s9n_8192_4096_4_x.c,2,135201,54,0,7,31,58,40
s9n_8192_4096_4_y.c,2,135201,54,0,7,31,58,40
s9n_8192_4096_4_z.c,2,135201,54,0,7,31,58,40
s9n_8192_512_0_x.c,2,1052929,54,0,7,31,58,40
s9n_8192_512_0_y.c,2,1052929,54,0,7,31,58,40
s9n_8192_512_0_z.c,2,1052929,54,0,7,31,58,40
s9n_8192_512_1_x.c,2,1052929,54,0,7,31,58,40
s9n_8192_512_1_y.c,2,1052929,54,0,7,31,58,40
s9n_8192_512_1_z.c,2,1052929,54,0,7,31,58,40
s9n_8192_512_2_x.c,2,1052929,54,0,7,31,58,40
s9n_8192_512_2_y.c,2,1052929,54,0,7,31,58,40
s9n_8192_512_2_z.c,2,1052929,54,0,7,31,58,40
s9n_8192_512_3_x.c,2,1052929,54,0,7,31,58,40
s9n_8192_512_3_y.c,2,1052929,54,0,7,31,58,40
s9n_8192_512_3_z.c,2,1052929,54,0,7,31,58,40
s9n_8192_512_4_x.c,2,1052929,54,0,7,31,58,40
s9n_8192_512_4_y.c,2,1052929,54,0,7,31,58,40
s9n_8192_512_4_z.c,2,1052929,54,0,7,31,58,40
s9n_8192_64_0_x.c,2,8394753,54,0,7,31,58,40
s9n_8192_64_0_y.c,2,8394753,54,0,7,31,58,40
s9n_8192_64_0_z.c,2,8394753,54,0,7,31,58,40
s9n_8192_64_1_x.c,2,8394753,54,0,7,31,58,40
s9n_8192_64_1_y.c,2,8394753,54,0,7,31,58,40
s9n_8192_64_1_z.c,2,8394753,54,0,7,31,58,40
s9n_8192_64_2_x.c,2,8394753,54,0,7,31,58,40
s9n_8192_64_2_y.c,2,8394753,54,0,7,31,58,40
s9n_8192_64_2_z.c,2,8394753,54,0,7,31,58,40
s9n_8192_64_3_x.c,2,8394753,54,0,7,31,58,40
s9n_8192_64_3_y.c,2,8394753,54,0,7,31,58,40
s9n_8192_64_3_z.c,2,8394753,54,0,7,31,58,40
s9n_8192_64_4_x.c,2,8394753,54,0,7,31,58,40
s9n_8192_64_4_y.c,2,8394753,54,0,7,31,58,40
s9n_8192_64_4_z.c,2,8394753,54,0,7,31,58,40
s9n_8192_8192_0_x.c,2,69649,54,0,7,31,57,40
s9n_8192_8192_0_y.c,2,69649,54,0,7,31,57,40
s9n_8192_8192_0_z.c,2,69649,54,0,7,31,57,40
s9n_8192_8192_1_x.c,2,69649,54,0,7,31,57,40
s9n_8192_8192_1_y.c,2,69649,54,0,7,31,57,40
s9n_8192_8192_1_z.c,2,69649,54,0,7,31,57,40
s9n_8192_8192_2_x.c,2,69649,54,0,7,31,57,40
s9n_8192_8192_2_y.c,2,69649,54,0,7,31,57,40
s9n_8192_8192_2_z.c,2,69649,54,0,7,31,57,40
s9n_8192_8192_3_x.c,2,69649,54,0,7,31,57,40
s9n_8192_8192_3_y.c,2,69649,54,0,7,31,57,40
s9n_8192_8192_3_z.c,2,69649,54,0,7,31,57,40
s9n_8192_8192_4_x.c,2,69649,54,0,7,31,57,40
s9n_8192_8192_4_y.c,2,69649,54,0,7,31,57,40
s9n_8192_8192_4_z.c,2,69649,54,0,7,31,57,40
